"","Sample","ChlorA","ChlorB","Tag","DataFile","gluc_Conc","flav_Conc","gh_bench","gh_col","gh_row","treatment","leaf_length","true_leaves","comp_number","maple_leaf_length_0","maple_height_0","maple_leaves_0","Moss.tf","Fern"
"1","10_1","0.189931385","0.07697229","c|BWPEM1-9-0|Q|10","Dat_Jan_10_2020_AM.txt","0.018890785","0.0074999935",3,1,18,"m",8,2,NA,40,125,2,"n",0
"2","100_1","0.22121696","0.095800185","a|CWRIC2-X2|Q|100","Dat_Jan_16_2020_AM.txt","0.0294267685","0.0050018275",1,6,1,"m",3,2,NA,12,106,2,"n",0
"3","100_2","0.310166475","0.107579065","a|CWRIC2-X2|Q|100","Dat_Jan_13_2020_AM.txt","0.052312015","0.026520121",1,6,1,"m",3,2,NA,12,106,2,"n",0
"4","101_1","0.37474545","0.13623912","e|CWRIC2-X2|Q|101","Dat_Jan_10_2020_AM.txt","0.030908206","0.0065284845",4,5,12,"gm",12,3,86,NA,NA,NA,"n",0
"5","102_1","0.335638685","0.12639482","a|DVGM-20|Q|102","Dat_Jan_23_2020_PM.txt","0.048543238","0.0309549965",4,6,6,"gm",18,4,30,NA,NA,NA,"n",0
"6","103_1","0.27099481","0.089192325","a|DVGM-20|Q|103","Dat_Jan_15_2020_PM.txt","0.0427952605","0.00504598699999999",2,3,15,"a",16,3,NA,NA,NA,NA,"n",0
"7","103_2","0.227839945","0.093068275","a|DVGM-20|Q|103","Dat_Jan_9_2020_AM.txt","0.0436959745","0.0158902985",2,3,15,"a",16,3,NA,NA,NA,NA,"n",0
"8","104_1","0.23583961","0.10757639","a|DVGM-20|Q|104","Dat_Jan_15_2020_PM.txt","0.058166656","0.012288145",2,5,15,"a",8,2,NA,NA,NA,NA,"y",12
"9","104_2","0.24633222","0.0676325200000001","a|DVGM-20|Q|104","Dat_Jan_15_2020_PM.txt","0.049728388","0.012237677",2,5,15,"a",8,2,NA,NA,NA,NA,"y",12
"10","105_1","0.419181275","0.246314085","a|DVGM-20|Q|105","Dat_Dec_9_2019.txt","0.046765513","0.0028821715",2,2,21,"gm",12,4,59,NA,NA,NA,"n",0
"11","105_2","0.40523763","0.159946675","a|DVGM-20|Q|105","Dat_Dec_11_2019_PM.txt","0.074426914","0.012666655",2,2,21,"gm",12,4,59,NA,NA,NA,"n",0
"13","106_2","0.333484835","0.116170065","a|DVGM-20|Q|106","Dat_Jan_17_2020_AM.txt","0.0291660355","0.0048251895",4,1,21,"gm",13,4,60,NA,NA,NA,"n",0
"14","107_1","0.41521267","0.161187835","a|DVGM-20|Q|107","Dat_Jan_17_2020_PM.txt","0.0247572775","0.0096070325",4,5,22,"gm",12,3,56,NA,NA,NA,"n",0
"15","108_1","0.171632995","0.0732730900000001","a|DVGM-20|Q|108","Dat_Jan_8_2020_PM.txt","0.06048955","0.0122818365",2,2,15,"m",12,3,NA,33,115,2,"y",0
"16","108_3","0.15422535","0.0775078900000001","a|DVGM-20|Q|108","Dat_Jan_14_2020_AM.txt","0.025314298","-0.0053945805",2,2,15,"m",12,3,NA,33,115,2,"y",0
"17","109_1","0.10896531","0.077565915","a|DVGM-20|Q|109","Dat_Jan_14_2020_AM.txt","0.0355895485","-0.000606428999999999",2,4,19,"gm",13,4,58,NA,NA,NA,"y",4
"18","109_2","0.18300094","0.0938898850000001","a|DVGM-20|Q|109","Dat_Jan_8_2020_PM.txt","0.006968176","-0.0082712565",2,4,19,"gm",13,4,58,NA,NA,NA,"y",4
"19","110_2","0.306765745","0.097199165","a|DVGM-20|Q|110","Dat_Jan_24_2020_AM.txt","0.069615205","0.019530303",4,3,3,"gm",14,5,57,NA,NA,NA,"n",0
"20","112_1","0.296548145","0.11868613","b|DVGM-20|Q|112","Dat_Jan_24_2020_AM.txt","0.0411834565","0.01853356",2,6,4,"m",10,3,NA,34,82,2,"n",0
"21","113_1","0.360398625","0.160768285","b|DVGM-20|Q|113","Dat_Dec_10_2019_AM.txt","0.0315837415","0.0058724005",1,4,10,"a",9,3,NA,NA,NA,NA,"n",0
"22","113_2","0.310653225","0.171647365","b|DVGM-20|Q|113","Dat_Dec_9_2019.txt","0.0679678465","0.010269425",1,4,10,"a",9,3,NA,NA,NA,NA,"n",0
"23","114_1","0.361500295","0.196465215","b|DVGM-20|Q|114","Dat_Dec_11_2019_AM.txt","0.0662375275","0.0200286745",1,1,12,"m",9,2,NA,35,90,2,"n",0
"24","114_2","0.26613709","0.105656625","b|DVGM-20|Q|114","Dat_Jan_9_2020_AM.txt","0.00436084599999999","-0.001502236",1,1,12,"m",9,2,NA,35,90,2,"n",0
"25","115_1","-0.056878695","-0.545453395","c|DVGM-20|Q|115","Dat_Jan_24_2020_PM.txt","0.090142003","0.0260974515",2,4,6,"m",18,3,NA,37,88,2,"y",0
"26","117_1","0.147974725","0.074596555","b|DVGM-20|Q|117","Dat_Jan_22_2020_AM.txt","0.038066512","0.005550667",3,3,18,"m",8,3,NA,33,95,2,"n",0
"27","117_2","0.32765606","0.16878459","b|DVGM-20|Q|117","Dat_Jan_21_2020_AM.txt","0.0326977825","0.003216522",3,3,18,"m",8,3,NA,33,95,2,"n",0
"28","119_1","0.22111961","0.082986525","c|DVGM-20|Q|119","Dat_Jan_16_2020_PM.txt","0.0461373835","-0.000726290499999999",1,2,2,"a",8,3,NA,NA,NA,NA,"y",3
"29","125_1","0.247417665","0.10119384","d|DVGM-20|Q|125","Dat_Jan_24_2020_PM.txt","0.0812889325","0.024148125",3,4,19,"m",17,3,NA,24,59,2,"n",0
"30","126_1","0.748373005","0.2346457","d|DVGM-20|Q|126","Dat_Dec_10_2019_PM.txt","-0.00983725099999999","0.0151206615",4,1,15,"a",13,3,NA,NA,NA,NA,"n",0
"31","126_2","0.3060697","0.114892485","d|DVGM-20|Q|126","Dat_Jan_17_2020_PM.txt","0.00602005600000001","0.0100360105",4,1,15,"a",13,3,NA,NA,NA,NA,"n",0
"32","127_1","0.44175247","0.10190475","e|DVGM-20|Q|127","Dat_Jan_17_2020_PM.txt","0.048969892","0.011657295",4,6,16,"gm",15,4,13,NA,NA,NA,"n",0
"34","129_1","0.48618748","0.15721744","e|DVGM-20|Q|129","Dat_Jan_23_2020_PM.txt","0.0879494755","0.018167667",4,1,13,"a",12,4,NA,NA,NA,NA,"n",0
"35","129_2","0.47391338","0.18129331","e|DVGM-20|Q|129","Dat_Jan_17_2020_PM.txt","0.096636625","0.004137563",4,1,13,"a",12,4,NA,NA,NA,NA,"n",0
"36","130_1","0.42144707","0.16196356","e|DVGM-20|Q|130","Dat_Jan_15_2020_PM.txt","0.00786889000000001","0.0080929925",2,4,14,"m",10,3,NA,28,89,2,"y",7
"37","130_2","0.46720927","0.17334717","e|DVGM-20|Q|130","Dat_Jan_16_2020_AM.txt","0.0377702245","0.006862835",2,4,14,"m",10,3,NA,28,89,2,"y",7
"38","132_1","0.30051512","0.09428783","e|DVGM-20|Q|132","Dat_Dec_10_2019_PM.txt","0.0233113945","0.0049892105",3,5,8,"a",13,4,NA,NA,NA,NA,"y",0
"39","138_1","0.124656365","0.0660055550000001","b|EFCC2-4-80|Q|138","Dat_Jan_20_2020_AM.txt","0.0192344785","0.002560438",4,4,14,"gm",10,2,45,NA,NA,NA,"n",0
"41","140_1","0.309261135","0.207034005","b|EFCC2-4-80|Q|140","Dat_Jan_16_2020_PM.txt","0.0417286255","0.012174592",1,4,6,"m",10,3,NA,20,72,2,"y",0
"42","140_2","0.29026507","0.111503575","b|EFCC2-4-80|Q|140","Dat_Jan_17_2020_AM.txt","0.023394355","0.0122566025",1,4,6,"m",10,3,NA,20,72,2,"y",0
"43","142_1","0.2855047","0.140781535","b|EFCC2-4-80|Q|142","Dat_Jan_8_2020_PM.txt","0.025195783","0.0047873385",1,6,4,"a",7,2,NA,NA,NA,NA,"n",0
"44","142_2","0.25063992","0.08808203","b|EFCC2-4-80|Q|142","Dat_Jan_16_2020_AM.txt","0.02055592075","0.0050901465",1,6,4,"a",7,2,NA,NA,NA,NA,"n",0
"45","144_1","0.22944296","0.085444565","b|EFCC2-4-80|Q|144","Dat_Jan_20_2020_AM.txt","0.0216284815","-0.0020636925",5,2,12,"m",10,3,NA,36,130,2,"y",0
"46","146_1","0.105013745","0.04933755","c|EFCC2-4-80|Q|146","Dat_Dec_10_2019_AM.txt","0.024389881","0.011455423",4,3,10,"gm",13,2,42,NA,NA,NA,"y",0
"47","147_1","0.240826315","0.053434695","c|EFCC2-4-80|Q|147","Dat_Jan_23_2020_AM.txt","0.017397496","0.0096448835",5,5,12,"gm",12,2,43,NA,NA,NA,"n",0
"48","147_2","0.156509","0.104817525","c|EFCC2-4-80|Q|147","Dat_Dec_10_2019_PM.txt","0.028798639","0.0254666015",5,5,12,"gm",12,2,43,NA,NA,NA,"n",0
"49","148_1","0.11186388","0.07650418","c|EFCC2-4-80|Q|148","Dat_Jan_15_2020_PM.txt","0.03702358","-0.0029973505",2,1,16,"a",17,2,NA,NA,NA,NA,"n",0
"50","149_1","0.502980205","0.18135401","c|EFCC2-4-80|Q|149","Dat_Jan_13_2020_AM.txt","0.0750787465","0.009777362",1,6,2,"a",12,2,NA,NA,NA,NA,"y",0
"51","149_2","0.431340985","0.15252667","c|EFCC2-4-80|Q|149","Dat_Jan_8_2020_PM.txt","0.039607207","0.0048504235",1,6,2,"a",12,2,NA,NA,NA,NA,"y",0
"52","151_1","0.23281287","0.201077795","c|EFCC2-4-80|Q|151","Dat_Jan_17_2020_PM.txt","0.00990734800000002","0.0240030295",4,2,10,"gm",10,2,41,NA,NA,NA,"n",0
"53","152_1","0.410516385","0.14424596","c|EFCC2-4-80|Q|152","Dat_Jan_21_2020_AM.txt","0.0264875965","0.0252268785",4,2,7,"m",7,2,NA,42,66,2,"n",0
"54","153_1","0.433267685","0.132852885","d|EFCC2-4-80|Q|153","Dat_Jan_15_2020_AM.txt","0.0566378125","0.013057782",3,5,4,"a",14,2,NA,NA,NA,NA,"n",0
"55","154_1","0.22121696","0.0958001850000001","d|EFCC2-4-80|Q|154","Dat_Dec_11_2019_PM.txt","0.0368932135","0.0137391",2,5,21,"a",12,2,NA,NA,NA,NA,"n",0
"56","154_2","0.557163105","0.20800932","d|EFCC2-4-80|Q|154","Dat_Dec_12_2019_PM.txt","0.050652805","0.020527046",2,5,21,"a",12,2,NA,NA,NA,NA,"n",0
"57","156_1","0.390971115","0.140391615","d|EFCC2-4-80|Q|156","Dat_Jan_21_2020_AM.txt","0.039133147","0.018218135",3,4,4,"m",11,2,NA,49,107,4,"y",0
"58","157_1","0.30177904","0.15134086","e|EFCC2-4-80|Q|157","Dat_Dec_11_2019_PM.txt","0.039962752","0.0108939665",1,5,16,"m",9,3,NA,12,78,2,"y",15
"59","157_2","0.200780945","0.0840118399999999","e|EFCC2-4-80|Q|157","Dat_Dec_11_2019_PM.txt","0.026475745","-0.001123726",1,5,16,"m",9,3,NA,12,78,2,"y",15
"60","158_1","0.21117702","0.086016585","a|JARI1-1-80|Q|158","Dat_Jan_27_2020_AM.txt","0.0355658455","0.0123323045",3,4,7,"gm",9,2,25,NA,NA,NA,"y",0
"61","158_2","0.065923205","0.0416288600000001","a|JARI1-1-80|Q|158","Dat_Jan_23_2020_PM.txt","0.017847853","0.0052036995",3,4,7,"gm",9,2,25,NA,NA,NA,"y",0
"62","159_1","0.185898695","0.0380658749999999","a|JARI1-1-80|Q|159","Dat_Jan_17_2020_AM.txt","0.0325318615","0.006648346",2,2,18,"gm",7,2,26,NA,NA,NA,"n",0
"63","159_2","0.111507745","0.0842830349999999","a|JARI1-1-80|Q|159","Dat_Jan_8_2020_AM.txt","0.014221294","-0.002612532",2,2,18,"gm",7,2,26,NA,NA,NA,"n",0
"64","16_1","0.574682695","0.10919924","c|BWPEM1-9-0|Q|16","Dat_Jan_23_2020_PM.txt","0.045888502","0.0234478815",3,3,20,"gm",2,2,92,NA,NA,NA,"n",0
"65","16_2","0.480309215","0.14866286","c|BWPEM1-9-0|Q|16","Dat_Jan_15_2020_AM.txt","0.040033861","0.00516584850000001",3,3,20,"gm",2,2,92,NA,NA,NA,"n",0
"66","163_1","0.23739395","0.09354585","a|JARI1-1-80|Q|163","Dat_Jan_16_2020_PM.txt","0.025053565","0.007518919",1,6,5,"gm",4,2,24,NA,NA,NA,"n",0
"67","163_2","0.10493262","0.0386595000000001","a|JARI1-1-80|Q|163","Dat_Jan_15_2020_PM.txt","0.013533907","-0.000360397499999999",1,6,5,"gm",4,2,24,NA,NA,NA,"n",0
"68","165_1","0.541843595","0.15916416","b|JARI1-1-80|Q|165","Dat_Jan_16_2020_AM.txt","0.0553341475","0.0085724385",2,4,18,"a",16,2,NA,NA,NA,NA,"y",0
"69","165_2","0.376785725","0.131514605","b|JARI1-1-80|Q|165","Dat_Jan_9_2020_AM.txt","0.0435300535","0.011833933",2,4,18,"a",16,2,NA,NA,NA,NA,"y",0
"70","166_2","0.49852648","0.14168401","b|JARI1-1-80|Q|166","Dat_Jan_23_2020_AM.txt","0.046812919","0.0094051605",3,4,21,"a",12,2,NA,NA,NA,NA,"n",0
"71","173_1","0.591428375","0.23645353","c|JARI1-1-80|Q|173","Dat_Jan_16_2020_PM.txt","0.073075843","0.010382978",1,3,8,"a",10,2,NA,NA,NA,NA,"n",0
"72","173_2","0.273942055","0.09453742","c|JARI1-1-80|Q|173","Dat_Jan_16_2020_PM.txt","0.02967565","0.000983312999999999",1,3,8,"a",10,2,NA,NA,NA,NA,"n",0
"73","175_1","0.282022845","0.119723585","c|JARI1-1-80|Q|175","Dat_Dec_12_2019_PM.txt","0.0226714135","0.0164580635",2,1,14,"m",12,2,NA,35,92,2,"n",0
"74","175_2","0.11952282","0.046164485","c|JARI1-1-80|Q|175","Dat_Jan_8_2020_AM.txt","0.0180967345","0.004995519",2,1,14,"m",12,2,NA,35,92,2,"n",0
"75","176_1","0.500664105","0.149773155","c|JARI1-1-80|Q|176","Dat_Jan_16_2020_AM.txt","0.040887169","0.0261983875",2,6,12,"a",18,2,NA,NA,NA,NA,"y",0
"76","176_2","0.549357325","0.16436625","c|JARI1-1-80|Q|176","Dat_Jan_13_2020_AM.txt","0.0407805055","0.0153225335",2,6,12,"a",18,2,NA,NA,NA,NA,"y",0
"77","180_1","0.524986785","0.181247425","d|JARI1-1-80|Q|180","Dat_Jan_15_2020_AM.txt","0.0696270565","0.0097205855",5,6,13,"m",9,2,NA,34,76,2,"y",0
"78","183_1","0.216213215","0.093043995","d|JARI1-1-80|Q|183","Dat_Jan_10_2020_AM.txt","0.0273883105","0.0096575005",4,6,6,"gm",7,2,30,NA,NA,NA,"n",0
"79","187_1","0.244648895","0.119340455","e|JARI1-1-80|Q|187","Dat_Jan_8_2020_PM.txt","0.039986455","0.0166599355",1,2,8,"a",11,2,NA,NA,NA,NA,"n",0
"80","187_2","0.31560748","0.11323445","e|JARI1-1-80|Q|187","Dat_Jan_22_2020_AM.txt","0.0112702705","-0.001363449",1,2,8,"a",11,2,NA,NA,NA,NA,"n",0
"81","189_1","0.10839825","0.05758184","e|JARI1-1-80|Q|189","Dat_Dec_11_2019_PM.txt","0.031168939","0.014735843",1,6,13,"m",13,2,NA,41,77,2,"n",0
"82","189_2","0.18785866","0.077425585","e|JARI1-1-80|Q|189","Dat_Jan_9_2020_AM.txt","0.017563417","0.006093198",1,6,13,"m",13,2,NA,41,77,2,"n",0
"83","19_1","0.21862585","0.0826762349999999","d|BWPEM1-9-0|Q|19","Dat_Jan_22_2020_PM.txt","0.0137590855","0.0013302805",3,5,18,"gm",10,2,2,NA,NA,NA,"n",0
"84","190_1","0.57886304","0.276850695","e|JARI1-1-80|Q|190","Dat_Dec_12_2019_PM.txt","0.038635384","0.01184655",1,6,19,"m",13,2,NA,22,79,2,"n",0
"85","190_2","0.484504155","0.208925375","e|JARI1-1-80|Q|190","Dat_Dec_12_2019_PM.txt","0.033136288","0.0194104415",1,6,19,"m",13,2,NA,22,79,2,"n",0
"86","194_1","0.077177575","0.0472963850000001","a|JBBLB2-1-20|Q|194","Dat_Jan_16_2020_PM.txt","0.0218892145","0.0040429355",1,4,1,"m",13,2,NA,36.5,86,2,"n",0
"87","194_2","0.23618115","0.207186475","a|JBBLB2-1-20|Q|194","Dat_Jan_16_2020_PM.txt","0.0350917855","0.019757409",1,4,1,"m",13,2,NA,36.5,86,2,"n",0
"88","198_1","0.075283325","0.07124139","a|JBBLB2-1-20|Q|198","Dat_Dec_10_2019_PM.txt","0.016520485","0.0242553695",4,1,8,"m",11,2,NA,47,92,4,"y",0
"89","199_1","0.400783905","0.120276675","a|JBBLB2-1-20|Q|199","Dat_Jan_13_2020_AM.txt","0.0147546115","0.00392938250000001",2,6,13,"m",11,2,NA,38,57,2,"y",3
"90","199_2","0.31439305","0.117350525","a|JBBLB2-1-20|Q|199","Dat_Jan_15_2020_PM.txt","0.013865749","0.0043962115",2,6,13,"m",11,2,NA,38,57,2,"y",3
"91","2_1","0.269229545","0.075459935","a|BWPEM1-9-0|Q|2","Dat_Jan_10_2020_AM.txt","0.0221736505","0.0116762205",3,4,17,"a",14,2,NA,NA,NA,NA,"y",0
"92","2_2","0.17271844","0.10683441","a|BWPEM1-9-0|Q|2","Dat_Dec_9_2019.txt","0.018203398","0.0087743105",3,4,17,"a",14,2,NA,NA,NA,NA,"y",0
"93","20_1","0.1650595","0.137174105","d|BWPEM1-9-0|Q|20","Dat_Jan_8_2020_PM.txt","0.022185502","0.00831379",2,4,11,"m",18,2,NA,37,78,2,"y",1
"94","200_1","0.38020268","0.144030115","b|JBBLB2-1-20|Q|200","Dat_Dec_10_2019_PM.txt","0.0464929285","0.0308162095",4,4,3,"m",4,2,NA,41,124,2,"y",1
"95","200_2","0.237377725","0.09141024","b|JBBLB2-1-20|Q|200","Dat_Jan_23_2020_AM.txt","0.024863941","0.013827419",4,4,3,"m",4,2,NA,41,124,2,"y",1
"96","201_1","0.39937559","0.153527705","d|JBBLB2-1-20|Q|201","Dat_Jan_15_2020_AM.txt","0.0626109685","0.0157515115",3,6,7,"a",15,2,NA,NA,NA,NA,"n",0
"97","203_2","0.06108171","0.06022877","b|JBBLB2-1-20|Q|203","Dat_Jan_15_2020_PM.txt","0.019056706","0.0198394195",3,5,19,"gm",14,2,22,NA,NA,NA,"n",0
"98","205_1","0.703955035","0.236230895","b|JBBLB2-1-20|Q|205","Dat_Jan_9_2020_AM.txt","0.098058805","0.017360179",2,5,19,"a",0,0,NA,NA,NA,NA,"y",2
"99","205_2","0.685801855","0.19698991","b|JBBLB2-1-20|Q|205","Dat_Dec_12_2019_AM.txt","0.044513728","0.008768002",2,5,19,"a",0,0,NA,NA,NA,NA,"y",2
"100","206_1","0.16335832","0.0772218799999999","b|JBBLB2-1-20|Q|206","Dat_Jan_23_2020_PM.txt","0.0328162975","0.026759844",4,2,20,"m",11,3,NA,35,75,4,"n",0
"101","207_1","0.266445365","0.146233215","c|JBBLB2-1-20|Q|207","Dat_Dec_10_2019_PM.txt","0.0431745085","0.0330998865",4,5,18,"gm",14,3,63,NA,NA,NA,"n",0
"102","207_2","0.12676154","0.0698234799999999","c|JBBLB2-1-20|Q|207","Dat_Jan_15_2020_AM.txt","0.015643474","0.008957257",4,5,18,"gm",14,3,63,NA,NA,NA,"n",0
"103","208_1","0.386566065","0.107128445","c|JBBLB2-1-20|Q|208","Dat_Jan_8_2020_AM.txt","0.056128198","0.027554715",2,2,16,"m",15,2,NA,29,124,2,"y",7
"104","208_2","0.307737615","0.115811215","c|JBBLB2-1-20|Q|208","Dat_Jan_14_2020_AM.txt","0.0111754585","-0.0020889265",2,2,16,"m",15,2,NA,29,124,2,"y",7
"105","209_1","0.468181955","0.246721495","c|JBBLB2-1-20|Q|209","Dat_Jan_8_2020_AM.txt","0.0351391915","0.01197272",2,5,16,"m",23,2,NA,44,113,2,"y",1
"106","209_2","0.17033744","0.0667111150000001","c|JBBLB2-1-20|Q|209","Dat_Jan_9_2020_AM.txt","0.0232402855","0.007127792",2,5,16,"m",23,2,NA,44,113,2,"y",1
"107","21_1","0.52144003","0.151647035","d|BWPEM1-9-0|Q|21","Dat_Jan_17_2020_AM.txt","0.0377228185","0.0095817985",3,4,20,"gm",1,2,5,NA,NA,NA,"y",0
"108","210_1","0.385918695","0.131228595","c|JBBLB2-1-20|Q|210","Dat_Jan_21_2020_AM.txt","0.044300401","0.0315479955",4,5,15,"gm",19,2,89,NA,NA,NA,"n",0
"110","211_1","0.214641835","0.05017665","d|JBBLB2-1-20|Q|211","Dat_Jan_20_2020_AM.txt","0.019672984","0.002989416",4,3,6,"gm",3,2,53,NA,NA,NA,"n",0
"111","212_2","0.627263395","0.198240535","d|JBBLB2-1-20|Q|212","Dat_Jan_15_2020_AM.txt","0.0283364305","0.0035256385",3,3,16,"gm",9,2,75,NA,NA,NA,"y",0
"112","213_2","0.15861499","0.163397725","d|JBBLB2-1-20|Q|213","Dat_Jan_24_2020_PM.txt","0.042261943","0.0184010815",2,6,1,"a",10,2,NA,NA,NA,NA,"n",0
"113","214_1","0.269958855","0.11680011","d|JBBLB2-1-20|Q|214","Dat_Dec_9_2019.txt","0.0427478545","0.022230341",4,5,20,"gm",9,2,90,NA,NA,NA,"n",0
"114","215_1","0.42735697","0.120027085","d|JBBLB2-1-20|Q|215","Dat_Jan_27_2020_AM.txt","0.0422737945","0.0159786175",3,1,21,"gm",15,2,4,NA,NA,NA,"n",0
"115","216_1","0.28262154","0.089216605","e|JBBLB2-1-20|Q|216","Dat_Jan_20_2020_AM.txt","0.030197116","0.0025667465",4,1,3,"gm",17,3,40,NA,NA,NA,"y",3
"116","217_2","0.363507305","0.132707205","e|JBBLB2-1-20|Q|217","Dat_Jan_23_2020_AM.txt","0.025906873","0.0187669745",4,4,14,"gm",18,2,45,NA,NA,NA,"n",0
"117","219_1","0.34060998","0.12487979","e|JBBLB2-1-20|Q|219","Dat_Jan_15_2020_AM.txt","0.062670226","0.0066925055",4,5,4,"a",4,2,NA,NA,NA,NA,"y",0
"118","219_2","0.488665015","0.15539212","e|JBBLB2-1-20|Q|219","Dat_Jan_24_2020_AM.txt","0.0660953095","0.0158398305",4,5,4,"a",4,2,NA,NA,NA,NA,"y",0
"119","220_1","0.714837045","0.247541665","e|JBBLB2-1-20|Q|220","Dat_Dec_10_2019_PM.txt","0.0566141095","0.015543331",4,3,20,"a",0,0,NA,NA,NA,NA,"y",0
"120","220_2","0.13471253","0.077924765","e|JBBLB2-1-20|Q|220","Dat_Jan_10_2020_AM.txt","0.015122008","0.0106794775",4,3,20,"a",0,0,NA,NA,NA,NA,"y",0
"121","224_2","0.48393628","0.134179025","b|JBCHY1-1-50|Q|224","Dat_Jan_24_2020_AM.txt","0.0260135365","0.015227906",3,1,7,"a",9,2,NA,NA,NA,NA,"y",0
"122","225_1","0.43778631","0.181065325","c|JBCHY1-1-50|Q|225","Dat_Jan_8_2020_AM.txt","0.048756565","0.038039442",2,5,14,"a",7,2,NA,NA,NA,NA,"y",15
"123","225_2","0.2918689","0.15864214","c|JBCHY1-1-50|Q|225","Dat_Jan_15_2020_PM.txt","0.027352756","0.013411058",2,5,14,"a",7,2,NA,NA,NA,NA,"y",15
"124","226_1","0.911439275","0.2734266","b|JBCHY1-1-50|Q|226","Dat_Jan_23_2020_PM.txt","0.017895259","0.016161564",4,4,20,"gm",9,2,74,NA,NA,NA,"y",0
"125","227_1","0.644589915","0.183327685","b|JBCHY1-1-50|Q|227","Dat_Jan_22_2020_PM.txt","0.0331481395","0.0144014925",3,3,16,"gm",14,3,75,NA,NA,NA,"n",0
"126","227_2","0.632558375","0.18467543","b|JBCHY1-1-50|Q|227","Dat_Jan_24_2020_AM.txt","0.029699353","0.021006492",3,3,16,"gm",14,3,75,NA,NA,NA,"n",0
"128","230_1","0.208667035","0.0835706850000001","c|JBCHY1-1-50|Q|230","Dat_Jan_23_2020_AM.txt","0.015264226","0.008969874",2,5,1,"a",10,2,NA,NA,NA,NA,"n",0
"129","231_1","0.21208399","0.096086195","c|JBCHY1-1-50|Q|231","Dat_Jan_14_2020_AM.txt","0.0173619415","0.0016583225",2,5,18,"m",2,2,NA,36,112,2,"y",14
"130","231_2","0.21318566","0.131783125","c|JBCHY1-1-50|Q|231","Dat_Jan_13_2020_AM.txt","0.0160582765","-0.000738907499999998",2,5,18,"m",2,2,NA,36,112,2,"y",14
"131","232_1","0.37495556","0.109239775","c|JBCHY1-1-50|Q|232","Dat_Jan_15_2020_AM.txt","0.00918440650000002","0.0231576905",3,5,11,"m",7,2,NA,39,87,2,"n",0
"132","233_1","0.51102773","0.14750668","c|JBCHY1-1-50|Q|233","Dat_Dec_10_2019_AM.txt","0.0796534255","0.025498144",4,5,2,"a",11,2,NA,NA,NA,NA,"y",0
"133","234_1","0.889393725","-0.168836235","c|JBCHY1-1-50|Q|234","Dat_Jan_24_2020_PM.txt","0.0619472845","0.0206595245",3,6,3,"m",10,2,NA,30,91,2,"n",2
"134","235_1","0.609029905","0.203083775","c|JBCHY1-1-50|Q|235","Dat_Dec_10_2019_AM.txt","0.0246150595","0.008238088",1,2,10,"a",10,2,NA,NA,NA,NA,"n",0
"135","235_2","0.71527512","0.305203135","c|JBCHY1-1-50|Q|235","Dat_Dec_12_2019_AM.txt","0.0174567535","0.008212854",1,2,10,"a",10,2,NA,NA,NA,NA,"n",0
"136","237_1","0.297390215","0.1202133","d|JBCHY1-1-50|Q|237","Dat_Jan_10_2020_AM.txt","0.01782415","0.0083831835",3,1,16,"gm",13,2,73,NA,NA,NA,"n",0
"137","238_1","0.187195065","0.099390125","d|JBCHY1-1-50|Q|238","Dat_Dec_11_2019_AM.txt","0.026452042","0.009436703",1,3,12,"gm",0,0,76,NA,NA,NA,"n",0
"138","239_2","0.41474296","0.15401742","d|JBCHY1-1-50|Q|239","Dat_Jan_21_2020_AM.txt","0.029841571","0.009512405",3,1,4,"gm",7,2,51,NA,NA,NA,"n",0
"139","24_1","0.1672255","-0.124276905","d|BWPEM1-9-0|Q|24","Dat_Jan_24_2020_PM.txt","0.057455566","0.0198646535",4,6,8,"gm",16,2,1,NA,NA,NA,"n",0
"140","240_1","0.281990395","0.115452365","e|JBCHY1-1-50|Q|240","Dat_Jan_27_2020_AM.txt","0.0560926435","0.023151382",4,4,4,"gm",10,3,77,NA,NA,NA,"y",0
"141","240_2","0.158759385","0.0730936649999999","e|JBCHY1-1-50|Q|240","Dat_Jan_27_2020_AM.txt","0.0218892145","0.0087743105",4,4,4,"gm",10,3,77,NA,NA,NA,"y",0
"142","241_1","0.30121198","0.131356785","e|JBCHY1-1-50|Q|241","Dat_Jan_22_2020_PM.txt","0.0200640835","0.010446063",4,1,10,"a",14,3,NA,NA,NA,NA,"n",0
"143","242_1","0.49454328","0.1639467","b|JBCHY1-1-50|Q|242","Dat_Dec_10_2019_PM.txt","0.042688597","0.019265346",4,4,22,"m",16,3,NA,32,116,3,"n",0
"144","244_1","0.768890145","0.257112095","e|JBCHY1-1-50|Q|244","Dat_Jan_21_2020_AM.txt","0.0539830765","0.0065537185",3,2,12,"m",15,3,NA,23,71,2,"y",0
"145","244_2","0.565729015","0.187739235","e|JBCHY1-1-50|Q|244","Dat_Dec_10_2019_AM.txt","0.0474647515","0.0080172905",3,2,12,"m",15,3,NA,23,71,2,"y",0
"146","245_1","0.780921685","0.25576435","f|JBCHY1-1-50|Q|245","Dat_Jan_22_2020_AM.txt","0.040507921","0.0116509865",2,5,12,"a",3,3,NA,NA,NA,NA,"y",1
"147","246_1","0.11108671","0.08351945","f|JBCHY1-1-50|Q|246","Dat_Jan_16_2020_PM.txt","0.0254209615","0.0129000695",2,2,12,"m",9,3,NA,48,89,2,"y",2
"148","246_2","0.08524214","0.07034694","f|JBCHY1-1-50|Q|246","Dat_Jan_14_2020_AM.txt","0.0140672245","-0.003874232",2,2,12,"m",9,3,NA,48,89,2,"y",2
"149","247_1","0.370341215","0.157738225","f|JBCHY1-1-50|Q|247","Dat_Jan_15_2020_PM.txt","0.055796356","0.0107677965",2,4,16,"m",8,3,NA,27,64,2,"y",1
"150","248_1","0.403212765","0.112044525","f|JBCHY1-1-50|Q|248","Dat_Jan_10_2020_AM.txt","0.044987788","0.0082948645",4,3,22,"a",11,2,NA,NA,NA,NA,"y",0
"151","248_2","0.2795948","0.18271801","f|JBCHY1-1-50|Q|248","Dat_Dec_9_2019.txt","0.0302800765","0.014294248",4,3,22,"a",11,2,NA,NA,NA,NA,"y",0
"152","249_1","0.366680885","0.113188565","f|JBCHY1-1-50|Q|249","Dat_Jan_23_2020_AM.txt","0.0264401905","0.0117393055",2,4,3,"m",16,3,NA,41,71,2,"y",0
"153","251_1","0.528630075","0.1688992","a|JWBOY-2-80|Q|251","Dat_Jan_22_2020_AM.txt","0.060442144","0.017827008",1,5,9,"gm",11,3,29,NA,NA,NA,"n",0
"154","251_2","0.32009284","0.102413395","a|JWBOY-2-80|Q|251","Dat_Jan_22_2020_AM.txt","0.022943998","0.007102558",1,5,9,"gm",11,3,29,NA,NA,NA,"n",0
"155","253_1","0.36180694","0.127517255","c|JWBOY-2-80|Q|253","Dat_Dec_9_2019.txt","0.0995876485","0.0301979765",4,4,19,"a",14,3,NA,NA,NA,NA,"y",0
"156","253_2","0.459679315","0.16600947","c|JWBOY-2-80|Q|253","Dat_Dec_10_2019_AM.txt","0.04816399","0.0062256765",4,4,19,"a",14,3,NA,NA,NA,NA,"y",0
"157","254_1","0.23162926","0.09994054","d|JWBOY-2-80|Q|254","Dat_Jan_23_2020_AM.txt","0.0241884055","0.00869230000000001",3,3,6,"gm",12,3,35,NA,NA,NA,"n",0
"158","255_1","0.42926826","0.152979965","d|JWBOY-2-80|Q|255","Dat_Jan_9_2020_AM.txt","0.018416725","0.020691067",1,3,12,"gm",11,3,76,NA,NA,NA,"y",0
"159","255_2","0.28456528","0.126440705","d|JWBOY-2-80|Q|255","Dat_Dec_11_2019_AM.txt","0.0265112995","0.008137152",1,3,12,"gm",11,3,76,NA,NA,NA,"y",0
"160","256_1","0.42636969","0.1540417","d|JWBOY-2-80|Q|256","Dat_Jan_17_2020_PM.txt","0.0463033045","0.010521765",4,1,17,"gm",12,3,91,NA,NA,NA,"n",0
"161","257_2","0.2331187","0.07736756","a|JWBOY-2-80|Q|257","Dat_Jan_15_2020_AM.txt","0.019270033","0.001197802",2,3,2,"m",14,3,NA,33,85,2,"y",0
"162","26_1","0.553130415","0.169102905","d|BWPEM1-9-0|Q|26","Dat_Jan_21_2020_AM.txt","0.034131814","0.011745614",3,5,14,"m",5,1,NA,33,65,2,"y",0
"163","26_2","0.14331089","0.0619259","d|BWPEM1-9-0|Q|26","Dat_Jan_22_2020_PM.txt","0.0135220555","0.0051910825",3,5,14,"m",5,1,NA,33,65,2,"y",0
"164","260_1","0.523497345","0.203820405","d|JWBOY-2-80|Q|260","Dat_Jan_8_2020_AM.txt","0.0435063505","0.0245707945",2,1,21,"m",15,3,NA,29,135,4,"n",0
"165","260_2","0.456975445","0.192698525","d|JWBOY-2-80|Q|260","Dat_Dec_9_2019.txt","0.0304697005","0.0089761825",2,1,21,"m",15,3,NA,29,135,4,"n",0
"166","261_1","0.262412675","0.1073268","d|JWBOY-2-80|Q|261","Dat_Dec_12_2019_PM.txt","0.029225293","0.001033781",1,2,14,"a",12,3,NA,NA,NA,NA,"y",0
"167","261_2","0.634242515","0.18772977","d|JWBOY-2-80|Q|261","Dat_Jan_9_2020_AM.txt","0.0262505665","0.0141113015",1,2,14,"a",12,3,NA,NA,NA,NA,"y",0
"168","263_2","0.430773925","0.132542595","e|JWBOY-2-80|Q|263","Dat_Jan_22_2020_PM.txt","0.0463507105","0.0138211105",3,2,2,"gm",15,3,8,NA,NA,NA,"y",0
"169","264_1","0.645464435","0.189126075","e|JWBOY-2-80|Q|264","Dat_Dec_12_2019_AM.txt","0.083789599","0.0323428665",1,2,17,"m",19,3,NA,25,76,2,"n",0
"170","264_2","0.6344364","0.158594815","e|JWBOY-2-80|Q|264","Dat_Jan_8_2020_AM.txt","0.051126865","0.0133795155",1,2,17,"m",19,3,NA,25,76,2,"n",0
"171","265_1","0.36167714","0.110432375","e|JWBOY-2-80|Q|265","Dat_Dec_10_2019_PM.txt","0.02754238","0.0179090185",4,1,20,"a",19,3,NA,NA,NA,NA,"n",0
"172","265_2","0.13795101","0.066948565","e|JWBOY-2-80|Q|265","Dat_Jan_20_2020_AM.txt","0.0075014935","-0.0012562045",4,1,20,"a",19,3,NA,NA,NA,NA,"n",0
"173","266_1","0.18100934","0.10502123","e|JWBOY-2-80|Q|266","Dat_Jan_13_2020_AM.txt","0.0139487095","0.013247037",1,3,6,"a",11,4,NA,NA,NA,NA,"n",0
"174","266_2","0.256987895","0.103807025","e|JWBOY-2-80|Q|266","Dat_Jan_16_2020_AM.txt","0.016615297","0.007367515",1,3,6,"a",11,4,NA,NA,NA,NA,"n",0
"175","267_1","0.42748677","0.137111965","e|JWBOY-2-80|Q|267","Dat_Dec_11_2019_AM.txt","0.035648806","0.022419596",1,3,11,"a",12,3,NA,NA,NA,NA,"n",0
"176","267_2","0.395813425","0.17655398","e|JWBOY-2-80|Q|267","Dat_Dec_12_2019_AM.txt","0.02256475","0.008969874",1,3,11,"a",12,3,NA,NA,NA,NA,"n",0
"177","268_1","0.33218928","0.10960809","e|JWBOY-2-80|Q|268","Dat_Jan_16_2020_AM.txt","0.025503922","0.020060217",1,4,3,"m",13,3,NA,35,104,2,"y",0
"178","268_2","0.20771139","0.067094245","e|JWBOY-2-80|Q|268","Dat_Jan_16_2020_AM.txt","0.020478886","0.0102378825",1,4,3,"m",13,3,NA,35,104,2,"y",0
"179","269_1","0.242997205","0.120557335","e|JWBOY-2-80|Q|269","Dat_Jan_22_2020_AM.txt","0.0205381435","0.003292224",1,1,3,"m",18,3,NA,53,99,1,"y",0
"180","269_2","0.38587002","0.124821765","e|JWBOY-2-80|Q|269","Dat_Jan_16_2020_AM.txt","0.0299956405","0.010559616",1,1,3,"m",18,3,NA,53,99,1,"y",0
"181","271_1","0.480358705","0.209831965","e|JWBOY-2-80|Q|271","Dat_Jan_21_2020_AM.txt","0.0302326705","0.006850218",3,4,18,"gm",13,3,15,NA,NA,NA,"y",0
"182","272_2","0.10054461","0.062294215","a|KVEDG1-1-80|Q|272","Dat_Jan_10_2020_AM.txt","0.0174567535","0.006156283",4,4,8,"a",13,3,NA,NA,NA,NA,"n",0
"183","275_2","0.315623705","0.11537006","a|KVEDG1-1-80|Q|275","Dat_Jan_27_2020_AM.txt","0.023631385","0.01209889",4,6,17,"a",11,3,NA,NA,NA,NA,"n",0
"184","277_2","0.18193172","0.0624641750000001","a|KVEDG1-1-80|Q|277","Dat_Jan_15_2020_AM.txt","0.0159397615","0.006471708",4,6,1,"m",16,3,NA,24,62,2,"n",0
"185","278_2","0.51096283","0.13896424","b|KVEDG1-1-80|Q|278","Dat_Jan_24_2020_AM.txt","0.0398323855","0.01361293",3,2,18,"gm",24,3,12,NA,NA,NA,"n",0
"186","279_1","0.56905025","0.296965635","b|KVEDG1-1-80|Q|279","Dat_Dec_9_2019.txt","0.0538882645","0.0188931445",4,6,16,"gm",19,3,13,NA,NA,NA,"n",0
"187","279_2","0.20338828","0.0992714","b|KVEDG1-1-80|Q|279","Dat_Jan_10_2020_AM.txt","0.017184169","0.000806674999999998",4,6,16,"gm",19,3,13,NA,NA,NA,"n",0
"188","280_1","0.272063215","0.06585576","b|KVEDG1-1-80|Q|280","Dat_Jan_27_2020_AM.txt","0.0702433345","0.021385002",3,4,18,"gm",5,2,15,NA,NA,NA,"n",0
"189","281_1","0.1186483","0.0403660949999999","b|KVEDG1-1-80|Q|281","Dat_Jan_20_2020_AM.txt","0.0091132975","-0.0081703205",4,4,2,"gm",9,2,16,NA,NA,NA,"y",0
"190","283_1","0.223516835","0.12524543","c|KVEDG1-1-80|Q|283","Dat_Jan_14_2020_AM.txt","0.048258802","0.017473732",1,4,5,"m",4,2,NA,49,130,2,"n",0
"191","283_2","0.32355847","0.121335735","c|KVEDG1-1-80|Q|283","Dat_Jan_16_2020_AM.txt","0.0189500425","0.0059859535",1,4,5,"m",4,2,NA,49,130,2,"n",0
"192","287_1","0.56124447","0.253322565","c|KVEDG1-1-80|Q|287","Dat_Jan_23_2020_AM.txt","0.060371035","0.021523789",3,2,8,"m",3,2,NA,15,75,2,"y",1
"194","29_1","0.658467845","0.20639038","e|BWPEM1-9-0|Q|29","Dat_Dec_10_2019_PM.txt","0.059731054","0.016855499",1,4,17,"a",11,2,NA,NA,NA,NA,"y",9
"195","29_2","0.62569283","0.210135465","e|BWPEM1-9-0|Q|29","Dat_Dec_11_2019_AM.txt","0.0466351465","0.0068817605",1,4,17,"a",11,2,NA,NA,NA,NA,"y",9
"196","290_1","0.30153648","0.174068985","c|KVEDG1-1-80|Q|290","Dat_Jan_22_2020_AM.txt","0.045130006","0.016741946",1,5,6,"m",10,2,NA,31,92,2,"n",0
"197","291_1","0.32491811","0.081677875","c|KVEDG1-1-80|Q|291","Dat_Jan_15_2020_AM.txt","0.017231575","0.006610495",4,1,16,"gm",16,2,18,NA,NA,NA,"n",0
"198","293_1","0.17377062","0.081362235","c|KVEDG1-1-80|Q|293","Dat_Jan_27_2020_AM.txt","0.0193766965","0.0131776435",4,3,16,"gm",3,2,20,NA,NA,NA,"n",0
"199","294_2","0.473864705","0.17488648","d|KVEDG1-1-80|Q|294","Dat_Jan_27_2020_AM.txt","0.044537431","0.004225882",3,2,17,"gm",16,3,14,NA,NA,NA,"y",8
"200","295_1","0.230885355","0.165989305","d|KVEDG1-1-80|Q|295","Dat_Dec_11_2019_PM.txt","0.0337407145","0.0215679485",1,6,10,"m",9,3,NA,34,90,4,"n",0
"201","295_2","0.312549105","0.25722691","d|KVEDG1-1-80|Q|295","Dat_Dec_11_2019_PM.txt","0.025717249","0.014180695",1,6,10,"m",9,3,NA,34,90,4,"n",0
"202","296_1","0.387425175","0.1655535","d|KVEDG1-1-80|Q|296","Dat_Jan_22_2020_AM.txt","0.0184285765","0.015190055",4,3,2,"m",8,2,NA,29,72,2,"y",3
"204","298_1","0.18989975","0.127463345","d|KVEDG1-1-80|Q|298","Dat_Dec_9_2019.txt","0.049728388","0.024400465",4,3,14,"gm",11,2,21,NA,NA,NA,"n",0
"205","299_1","0.25815365","0.0932841200000001","e|KVEDG1-1-80|Q|299","Dat_Jan_20_2020_AM.txt","0.0233350975","0.0067177395",4,5,11,"a",9,2,NA,NA,NA,NA,"n",0
"206","299_2","0.22725666","0.07094859","e|KVEDG1-1-80|Q|299","Dat_Dec_10_2019_AM.txt","0.045153709","0.0210758855",4,5,11,"a",9,2,NA,NA,NA,NA,"n",0
"207","300_1","0.396508655","0.104098385","e|KVEDG1-1-80|Q|300","Dat_Jan_17_2020_PM.txt","0.016117534","0.000194750500000005",4,4,11,"a",7,2,NA,NA,NA,NA,"y",0
"210","302_1","0.237345275","0.08713902","e|KVEDG1-1-80|Q|302","Dat_Jan_22_2020_PM.txt","0.0219840265","0.0124584745",4,4,10,"a",6,2,NA,NA,NA,NA,"n",0
"211","303_1","0.191842675","0.10992517","e|KVEDG1-1-80|Q|303","Dat_Jan_17_2020_AM.txt","0.033017773","0.022028469",4,6,13,"a",0,0,NA,NA,NA,NA,"n",0
"212","303_2","0.188247245","0.0739179500000001","e|KVEDG1-1-80|Q|303","Dat_Jan_17_2020_PM.txt","0.0051311935","0.0173034025",4,6,13,"a",0,0,NA,NA,NA,NA,"n",0
"213","304_1","0.21124192","0.0945590250000001","a|MAVBEL2-1-20|N|304","Dat_Jan_22_2020_PM.txt","0.0015757435","-0.005022379",3,5,9,"gm",15,3,38,NA,NA,NA,"y",0
"214","305_1","0.31941302","0.122242325","a|MAVBEL2-1-20|N|305","Dat_Jan_15_2020_AM.txt","0.034914013","0.0340209275",3,2,7,"m",18,4,NA,36,77,2,"y",0
"215","306_1","0.18798846","0.094510465","a|MAVBEL2-1-20|N|306","Dat_Jan_16_2020_PM.txt","0.0267483295","0.007127792",1,5,7,"a",13,3,NA,NA,NA,NA,"n",0
"216","306_2","0.7267396","0.283871315","a|MAVBEL2-1-20|N|306","Dat_Jan_14_2020_AM.txt","0.061224343","0.020779386",1,5,7,"a",13,3,NA,NA,NA,NA,"n",0
"217","307_1","0.201865575","0.062810885","a|MAVBEL2-1-20|N|307","Dat_Jan_15_2020_AM.txt","0.000141711999999999","-0.0026945425",3,5,6,"gm",10,3,39,NA,NA,NA,"n",0
"218","308_1","0.27475249","0.146555645","a|MAVBEL2-1-20|N|308","Dat_Jan_8_2020_PM.txt","0.0314652265","0.005500199",1,5,1,"a",12,3,NA,NA,NA,NA,"n",0
"219","308_2","0.31967262","0.156412085","a|MAVBEL2-1-20|N|308","Dat_Jan_8_2020_PM.txt","0.00330606249999999","-0.00922384",1,5,1,"a",12,3,NA,NA,NA,NA,"n",0
"220","31_1","0.273052125","0.141365695","e|BWPEM1-9-0|Q|31","Dat_Dec_11_2019_PM.txt","0.0582970225","0.015795671",1,5,12,"a",6,2,NA,NA,NA,NA,"n",0
"221","31_2","0.19535698","0.13525434","e|BWPEM1-9-0|Q|31","Dat_Dec_9_2019.txt","0.026049091","0.007619855",1,5,12,"a",6,2,NA,NA,NA,NA,"n",0
"222","312_1","0.44089499","0.153004245","b|MAVBEL2-1-20|N|312","Dat_Jan_9_2020_AM.txt","0.021355897","0.0057462305",1,3,14,"m",8,3,NA,22,120,2,"y",3
"223","312_2","0.37855099","0.145246995","b|MAVBEL2-1-20|N|312","Dat_Jan_9_2020_AM.txt","0.0488869315","0.0138841955",1,3,14,"m",8,3,NA,22,120,2,"y",3
"224","318_1","0.412540435","0.137385835","c|MAVBEL2-1-20|N|318","Dat_Jan_24_2020_PM.txt","0.061603591","0.021485938",4,3,13,"gm",12,3,33,NA,NA,NA,"n",0
"225","319_1","0.3164171","0.1104904","c|MAVBEL2-1-20|N|319","Dat_Jan_24_2020_PM.txt","0.0489580405","0.0178080825",3,4,9,"gm",15,3,36,NA,NA,NA,"n",0
"226","320_1","0.530848825","0.187666395","d|MAVBEL2-1-20|N|320","Dat_Jan_9_2020_AM.txt","0.056104495","0.0160669365",2,3,16,"m",11,3,NA,29,75,2,"y",0
"227","320_3","0.241248165","0.108960555","d|MAVBEL2-1-20|N|320","Dat_Jan_14_2020_AM.txt","0.0138776005","-0.001085875",2,3,16,"m",11,3,NA,29,75,2,"y",0
"228","321_1","0.51259911","0.190374025","d|MAVBEL2-1-20|N|321","Dat_Jan_13_2020_AM.txt","0.0450470455","0.0143384075",1,3,2,"a",13,3,NA,NA,NA,NA,"n",0
"229","321_2","0.45385054","0.218623995","d|MAVBEL2-1-20|N|321","Dat_Jan_13_2020_AM.txt","0.019435954","-0.003356935",1,3,2,"a",13,3,NA,NA,NA,NA,"n",0
"231","322_2","0.421980865","0.12291414","d|MAVBEL2-1-20|N|322","Dat_Jan_27_2020_AM.txt","0.0262979725","0.0170636795",3,2,22,"a",13,3,NA,NA,NA,NA,"n",0
"232","323_1","0.08417292","0.03892123","d|MAVBEL2-1-20|N|323","Dat_Jan_10_2020_AM.txt","0.0224106805","0.0099224575",5,4,12,"a",14,3,NA,NA,NA,NA,"y",2
"233","325_1","0.31476541","0.11170728","d|MAVBEL2-1-20|N|325","Dat_Dec_12_2019_PM.txt","0.042451567","0.023618211",1,4,16,"m",15,3,NA,21,92,2,"y",8
"234","325_2","0.358714485","0.157713945","d|MAVBEL2-1-20|N|325","Dat_Dec_12_2019_AM.txt","0.01640197","0.00951240500000001",1,4,16,"m",15,3,NA,21,92,2,"y",8
"235","329_2","0.42355143","0.11101921","e|MAVBEL2-1-20|N|329","Dat_Jan_27_2020_AM.txt","0.0486736045","0.012994697",2,2,6,"m",12,3,NA,14,64,2,"y",0
"236","330_1","0.32911305","0.14194039","e|MAVBEL2-1-20|N|330","Dat_Dec_10_2019_AM.txt","0.042143428","0.014798928",1,2,18,"a",14,3,NA,NA,NA,NA,"n",0
"237","330_2","0.52469555","0.19756872","e|MAVBEL2-1-20|N|330","Dat_Dec_10_2019_PM.txt","0.0237854545","0.0010779405",1,2,18,"a",14,3,NA,NA,NA,NA,"n",0
"238","333_2","0.30856346","0.115202775","e|MAVBEL2-1-20|N|333","Dat_Jan_23_2020_AM.txt","0.0239039695","0.01449612",3,6,8,"m",15,3,NA,34,61,2,"n",0
"239","334_1","0.350423585","0.159527125","a|MHBUR1-4-20|Q|334","Dat_Dec_10_2019_AM.txt","0.0351154885","0.018356922",4,3,17,"gm",13,3,67,NA,NA,NA,"n",0
"240","335_1","0.613337605","0.223533285","c|MHBUR1-4-20|Q|335","Dat_Dec_11_2019_AM.txt","0.0490291495","0.013259654",1,1,19,"m",13,3,NA,47,95,2,"n",0
"241","335_2","0.537634875","0.26105286","c|MHBUR1-4-20|Q|335","Dat_Dec_10_2019_PM.txt","0.00268978449999999","0.004263733",1,1,19,"m",13,3,NA,47,95,2,"n",0
"242","336_1","0.404022385","0.109300475","c|MHBUR1-4-20|Q|336","Dat_Jan_24_2020_PM.txt","0.063879079","0.0255423035",4,4,6,"m",15,3,NA,38,82,2,"y",0
"243","336_2","0.16057251","0.0384706099999999","c|MHBUR1-4-20|Q|336","Dat_Jan_23_2020_AM.txt","0.0112939735","0.0070836325",4,4,6,"m",15,3,NA,38,82,2,"y",0
"244","337_1","0.39375611","0.12438061","a|MHBUR1-4-20|Q|337","Dat_Dec_12_2019_AM.txt","0.04911211","0.0216436505",1,5,17,"m",10,2,NA,56,103,2,"n",0
"245","337_2","0.253749415","0.114783225","a|MHBUR1-4-20|Q|337","Dat_Dec_12_2019_AM.txt","0.0207514705","0.0060868895",1,5,17,"m",10,2,NA,56,103,2,"n",0
"246","338_1","0.45660227","0.143579495","a|MHBUR1-4-20|Q|338","Dat_Jan_13_2020_AM.txt","0.057265942","0.024413082",1,1,9,"m",6,2,NA,23,76,2,"n",0
"247","338_2","0.24798554","0.17594019","a|MHBUR1-4-20|Q|338","Dat_Jan_16_2020_PM.txt","0.0377228185","0.0081056095",1,1,9,"m",6,2,NA,23,76,2,"n",0
"248","339_1","0.36714978","0.0655967050000001","c|MHBUR1-4-20|Q|339","Dat_Jan_17_2020_PM.txt","0.0105591805","0.013852653",4,6,9,"m",9,2,NA,46,83,2,"y",0
"249","34_1","0.26233155","0.0966487500000001","a|CBMCK1-1-0|N|34","Dat_Jan_10_2020_AM.txt","0.039299068","0.012237677",3,3,21,"gm",14,4,81,NA,NA,NA,"n",0
"250","34_2","0.260438115","0.17535603","a|CBMCK1-1-0|N|34","Dat_Jan_22_2020_PM.txt","0.017302684","-6.38979999999997e-05",3,3,21,"gm",14,4,81,NA,NA,NA,"n",0
"251","340_1","0.31280626","0.127109845","c|MHBUR1-4-20|Q|340","Dat_Jan_8_2020_PM.txt","0.026475745","1.18040000000015e-05",1,2,7,"m",11,2,NA,32,88,2,"n",0
"252","340_2","0.15365829","0.0575238149999999","c|MHBUR1-4-20|Q|340","Dat_Jan_8_2020_PM.txt","0.006399304","-0.0040193275",1,2,7,"m",11,2,NA,32,88,2,"n",0
"253","341_1","0.20338828","0.0992714","c|MHBUR1-4-20|Q|341","Dat_Jan_15_2020_PM.txt","0.026641666","0.0058471665",2,3,19,"gm",6,2,NA,NA,NA,NA,"y",0
"254","341_2","0.23399322","0.08316595","c|MHBUR1-4-20|Q|341","Dat_Jan_8_2020_AM.txt","0.0135931645","0.001614163",2,3,19,"gm",6,2,NA,NA,NA,NA,"y",0
"255","342_1","0.25063992","0.08808203","b|MHBUR1-4-20|Q|342","Dat_Jan_20_2020_AM.txt","0.020787025","-0.0065679615",4,3,5,"gm",17,2,52,NA,NA,NA,"n",0
"256","343_1","0.49381397","0.122606525","b|MHBUR1-4-20|Q|343","Dat_Jan_20_2020_AM.txt","0.0437196775","0.005613752",3,2,17,"gm",12,2,14,NA,NA,NA,"n",0
"257","344_1","0.34091744","0.110694105","c|MHBUR1-4-20|Q|344","Dat_Dec_12_2019_PM.txt","0.047737336","0.017599902",1,3,15,"m",8,3,NA,23,84,2,"y",2
"258","344_2","0.258736935","0.115403805","c|MHBUR1-4-20|Q|344","Dat_Dec_11_2019_PM.txt","0.059162182","0.0149187895",1,3,15,"m",8,3,NA,23,84,2,"y",2
"259","345_1","0.196912135","0.175986075","b|MHBUR1-4-20|Q|345","Dat_Jan_10_2020_AM.txt","0.0390501865","0.028854266",4,6,14,"a",7,2,NA,NA,NA,NA,"n",0
"260","346_1","0.48787162","0.16027178","b|MHBUR1-4-20|Q|346","Dat_Jan_13_2020_AM.txt","0.0645783175","0.0185146345",2,3,11,"gm",8,2,88,NA,NA,NA,"y",15
"261","346_2","0.529439695","0.16615515","b|MHBUR1-4-20|Q|346","Dat_Jan_13_2020_AM.txt","0.0428189635","0.0116131355",2,3,11,"gm",8,2,88,NA,NA,NA,"y",15
"262","348_2","0.410321685","0.11861864","e|MHBUR1-4-20|Q|348","Dat_Jan_23_2020_PM.txt","0.03583843","0.030444008",3,3,13,"a",3,2,NA,NA,NA,NA,"y",0
"263","349_1","0.291285615","0.136522455","c|MHBUR1-4-20|Q|349","Dat_Jan_13_2020_AM.txt","0.0491002585","0.0187922085",1,6,8,"a",9,2,NA,NA,NA,NA,"n",0
"264","349_2","0.28032248","0.114533635","c|MHBUR1-4-20|Q|349","Dat_Jan_13_2020_AM.txt","0.0440041135","0.0151458955",1,6,8,"a",9,2,NA,NA,NA,NA,"n",0
"265","35_1","0.444568285","-0.019359585","a|CBMCK1-1-0|N|35","Dat_Jan_23_2020_PM.txt","0.013652422","0.0251637935",3,6,1,"m",18,3,NA,26,83,2,"y",0
"266","351_1","0.44534953","0.24743652","d|MHBUR1-4-20|Q|351","Dat_Jan_24_2020_AM.txt","0.052217203","0.0173412535",2,5,7,"gm",7,2,27,NA,NA,NA,"y",0
"267","352_1","0.347897375","0.154945615","c|MHBUR1-4-20|Q|352","Dat_Dec_11_2019_AM.txt","0.0804830305","0.0086923",1,6,17,"a",14,3,NA,NA,NA,NA,"n",0
"268","352_2","0.199161705","0.0894999400000001","c|MHBUR1-4-20|Q|352","Dat_Dec_10_2019_AM.txt","0.0218181055","0.0071719515",1,6,17,"a",14,3,NA,NA,NA,NA,"n",0
"269","353_1","0.258137425","0.09114851","b|MHBUR1-4-20|Q|353","Dat_Jan_14_2020_AM.txt","0.0475595635","0.0116383695",2,3,17,"a",8,2,NA,NA,NA,NA,"y",1
"270","354_1","0.622048725","0.167721415","b|MHBUR1-4-20|Q|354","Dat_Jan_22_2020_AM.txt","0.0437907865","0.005210008",1,2,9,"a",5,2,NA,NA,NA,NA,"y",5
"271","354_2","0.444814105","0.17696139","b|MHBUR1-4-20|Q|354","Dat_Jan_8_2020_PM.txt","0.0584155375","0.001424908",1,2,9,"a",5,2,NA,NA,NA,NA,"y",5
"272","355_1","0.36601729","0.135153105","d|MHBUR1-4-20|Q|355","Dat_Jan_20_2020_AM.txt","0.0668775085","0.017953178",3,5,21,"a",15,2,NA,NA,NA,NA,"n",0
"273","357_1","0.620364585","0.164667075","b|MHNAT1-2-0|Q|357","Dat_Jan_24_2020_AM.txt","0.08703691","0.0276241085",4,1,2,"a",9,2,NA,NA,NA,NA,"y",0
"274","358_1","0.37380603","0.12189829","b|MHNAT1-2-0|Q|358","Dat_Dec_11_2019_AM.txt","0.0562822675","0.024627571",1,4,11,"m",10,2,NA,34,64,2,"n",0
"275","358_2","0.17998961","0.134764625","b|MHNAT1-2-0|Q|358","Dat_Dec_12_2019_PM.txt","0.0216521845","0.0199403555",1,4,11,"m",10,2,NA,34,64,2,"n",0
"276","359_1","0.392185545","0.13627554","b|MHNAT1-2-0|Q|359","Dat_Jan_17_2020_AM.txt","0.035696212","0.025397208",4,1,7,"m",11,2,NA,44,81,2,"n",0
"277","359_2","0.210820885","0.09379544","b|MHNAT1-2-0|Q|359","Dat_Jan_15_2020_AM.txt","0.0155131075","0.0098719895",4,1,7,"m",11,2,NA,44,81,2,"n",0
"278","36_1","0.263319645","0.11739641","a|CBMCK1-1-0|N|36","Dat_Jan_16_2020_AM.txt","0.0453788875","0.023378488",1,5,5,"m",7,2,NA,24,87,2,"n",0
"279","36_2","0.19236106","0.123502415","a|CBMCK1-1-0|N|36","Dat_Jan_14_2020_AM.txt","0.0307067305","0.004251116",1,5,5,"m",7,2,NA,24,87,2,"n",0
"280","360_1","0.73141803","0.18915303","c|MHNAT1-2-0|Q|360","Dat_Jan_24_2020_AM.txt","0.055417108","0.036373998",4,4,13,"a",16,2,NA,NA,NA,NA,"y",0
"281","360_2","0.267805005","0.106575355","c|MHNAT1-2-0|Q|360","Dat_Jan_17_2020_PM.txt","0.00158759500000001","0.00772709949999999",4,4,13,"a",16,2,NA,NA,NA,NA,"y",0
"282","362_1","0.20620654","0.14229389","d|MHNAT1-2-0|Q|362","Dat_Dec_9_2019.txt","0.030457849","0.0292390845",4,3,18,"gm",9,2,83,NA,NA,NA,"n",0
"283","364_1","0.433235235","0.128581665","b|MHNAT1-2-0|Q|364","Dat_Jan_24_2020_PM.txt","0.051458707","0.023466807",3,2,15,"m",10,2,NA,42,105,2,"y",0
"284","364_2","0.521925965","0.16095306","b|MHNAT1-2-0|Q|364","Dat_Jan_22_2020_PM.txt","0.0241409995","0.012490017",3,2,15,"m",10,2,NA,42,105,2,"y",0
"285","365_2","0.38752171","0.123604885","e|MHNAT1-2-0|Q|365","Dat_Jan_24_2020_PM.txt","0.0360162025","0.0186155705",2,5,2,"gm",13,2,80,NA,NA,NA,"y",0
"286","366_1","0.283447385","0.088608165","a|MSMID1-1-20|Q|366","Dat_Jan_15_2020_AM.txt","0.0178360015","0.0229684355",4,1,9,"gm",18,2,6,NA,NA,NA,"y",0
"287","366_2","0.205233855","0.068919565","a|MSMID1-1-20|Q|366","Dat_Jan_23_2020_PM.txt","0.029367511","0.0189688465",4,1,9,"gm",18,2,6,NA,NA,NA,"y",0
"289","368_1","0.377433095","0.107414455","a|MSMID1-1-20|Q|368","Dat_Jan_8_2020_AM.txt","0.0297112045","0.00415018",2,4,19,"gm",15,2,58,NA,NA,NA,"n",0
"290","37_2","0.16326097","0.0644082200000001","b|CBMCK1-1-0|N|37","Dat_Jan_17_2020_AM.txt","0.00976513","0.0068817605",3,4,13,"gm",14,3,9,NA,NA,NA,"y",0
"291","370_2","0.0473498050000001","0.056386565","a|MSMID1-1-20|Q|370","Dat_Jan_23_2020_PM.txt","0.0170538025","0.010950743",2,3,7,"gm",14,2,72,NA,NA,NA,"n",0
"292","377_1","0.223694495","0.093974865","b|MSMID1-1-20|Q|377","Dat_Dec_11_2019_PM.txt","0.0461610865","0.0096448835",1,3,13,"a",11,2,NA,NA,NA,NA,"y",0
"293","377_2","0.096270175","0.1008782","b|MSMID1-1-20|Q|377","Dat_Dec_11_2019_PM.txt","0.016710109","0.0030966605",1,3,13,"a",11,2,NA,NA,NA,NA,"y",0
"294","c|MSMID1-1-20|G381","c|MSMID1-1-20|G381","c|MSMID1-1-20|G381","c|MSMID1-1-20|G381","c|MSMID1-1-20|G381","c|MSMID1-1-20|G381","c|MSMID1-1-20|G381",4,6,4,"a",12,2,NA,NA,NA,NA,"n",0
"295","381_2-Dat_Jan_27_2020_AM.txt","0.3891734","0.122388005","381_2","Dat_Jan_27_2020_AM.txt","0.043968559","0.023492041",NA,NA,NA,NA,NA,NA,NA,NA,NA,NA,"n",0
"296","388_1","0.370826335","0.112281975","d|MSMID1-1-20|Q|388","Dat_Jan_23_2020_AM.txt","0.0304459975","0.0133921325",4,6,18,"m",4,2,NA,41,106,4,"n",0
"298","390_1","0.15318858","0.0503533999999999","d|MSMID1-1-20|Q|390","Dat_Jan_16_2020_PM.txt","0.038137621","0.011960103",1,4,4,"m",6,2,NA,34,77,2,"y",0
"299","390_2","0.33980036","0.12762384","d|MSMID1-1-20|Q|390","Dat_Jan_22_2020_AM.txt","0.026499448","0.0099476915",1,4,4,"m",6,2,NA,34,77,2,"y",0
"300","395_1","0.29002251","0.1342317","d|MSMID1-1-20|Q|395","Dat_Dec_9_2019.txt","0.0150864535","0.006597878",4,6,19,"m",11,2,NA,39,107,2,"n",0
"301","398_2","0.21856095","0.074133795","a|PDVRT1-20|Q|398","Dat_Jan_15_2020_AM.txt","0.030671176","-0.0020510755",3,5,1,"gm",8,3,64,NA,NA,NA,"n",0
"302","399_1","0.40463812","0.13569138","a|PDVRT1-20|Q|399","Dat_Jan_23_2020_AM.txt","0.0714284845","0.020110685",3,3,1,"gm",16,3,65,NA,NA,NA,"n",0
"303","399_2","0.16211144","0.077066735","a|PDVRT1-20|Q|399","Dat_Jan_23_2020_AM.txt","0.021806254","0.0012924295",3,3,1,"gm",16,3,65,NA,NA,NA,"n",0
"306","40_2","0.16709896","0.077687315","b|CBMCK1-1-0|N|40","Dat_Jan_24_2020_PM.txt","0.051269083","0.0202179295",3,5,1,"gm",11,2,64,NA,NA,NA,"y",0
"307","401_1","0.237847435","0.0985806550000001","a|PDVRT1-20|Q|401","Dat_Jan_23_2020_AM.txt","0.0236669395","0.0097205855",4,3,10,"gm",12,2,42,NA,NA,NA,"n",0
"308","401_2","0.25974044","0.0835248","a|PDVRT1-20|Q|401","Dat_Jan_27_2020_AM.txt","0.028395688","0.015959692",4,3,10,"gm",12,2,42,NA,NA,NA,"n",0
"309","403_1","0.37974838","0.0842330349999999","a|PDVRT1-20|Q|403","Dat_Dec_10_2019_AM.txt","0.0612124915","0.0153856185",4,5,18,"gm",14,3,63,NA,NA,NA,"n",0
"310","404_1","0.467128145","0.16266912","b|PDVRT1-20|Q|404","Dat_Jan_21_2020_AM.txt","0.0813363385","0.0131524095",3,3,4,"m",14,3,NA,29,70,2,"y",0
"312","405_2","0.20089452","0.0989611099999999","b|PDVRT1-20|Q|405","Dat_Dec_9_2019.txt","0.0473936425","0.014231163",4,3,17,"gm",13,3,67,NA,NA,NA,"y",0
"313","406_1","0.1624838","0.07142349","b|PDVRT1-20|Q|406","Dat_Jan_9_2020_AM.txt","0.023228434","0.005386646",1,1,11,"a",8,3,NA,NA,NA,NA,"n",0
"314","406_2","0.55536539","0.19000571","b|PDVRT1-20|Q|406","Dat_Dec_11_2019_AM.txt","0.0276253405","0.001298738",1,1,11,"a",8,3,NA,NA,NA,NA,"n",0
"315","407_2","0.19611711","0.071341185","b|PDVRT1-20|Q|407","Dat_Jan_23_2020_PM.txt","0.045177412","0.015833522",3,5,2,"a",15,3,NA,NA,NA,NA,"y",0
"316","408_2","0.170483465","0.085931605","b|PDVRT1-20|Q|408","Dat_Jan_10_2020_AM.txt","0.0220077295","0.006585261",3,3,8,"m",13,3,NA,41,117,4,"y",0
"317","41_1","0.40760159","0.143172085","c|CBMCK1-1-0|N|41","Dat_Jan_23_2020_AM.txt","0.029509729","0.0261100685",4,2,8,"gm",16,3,44,NA,NA,NA,"y",0
"318","410_1","0.27928571","0.0873791450000001","c|PDVRT1-20|Q|410","Dat_Jan_23_2020_AM.txt","0.030647473","0.006206751",4,5,21,"a",19,3,NA,NA,NA,NA,"n",0
"319","413_1","0.285163975","0.095933725","c|PDVRT1-20|Q|413","Dat_Jan_24_2020_PM.txt","0.0667589935","0.0246591135",3,2,13,"m",21,3,NA,38,107,2,"y",0
"320","413_2","0.152055275","0.065147525","c|PDVRT1-20|Q|413","Dat_Jan_23_2020_AM.txt","0.0219603235","0.010345127",3,2,13,"m",21,3,NA,38,107,2,"y",0
"321","414_2","0.135352565","-0.43903586","c|PDVRT1-20|Q|414","Dat_Jan_10_2020_AM.txt","0.03417922","0.01449612",4,5,17,"a",12,4,NA,NA,NA,NA,"n",0
"322","415_1","0.257392705","0.102435","e|PDVRT1-20|Q|415","Dat_Dec_9_2019.txt","0.066628627","0.0097079685",2,2,17,"gm",14,3,66,NA,NA,NA,"n",0
"323","415_2","0.49643753","0.140001695","e|PDVRT1-20|Q|415","Dat_Jan_8_2020_AM.txt","0.0453314815","0.009310533",2,2,17,"gm",14,3,66,NA,NA,NA,"n",0
"325","42_1","0.466253625","0.15687073","c|CBMCK1-1-0|N|42","Dat_Jan_17_2020_PM.txt","-0.024912359","0.0190193145",4,3,15,"a",18,3,NA,NA,NA,NA,"n",0
"326","42_2","0.205443965","0.04192022","c|CBMCK1-1-0|N|42","Dat_Jan_17_2020_PM.txt","-0.00205081549999999","0.009020342",4,3,15,"a",18,3,NA,NA,NA,NA,"n",0
"327","420_2","0.501376375","0.134215445","e|PDVRT1-20|Q|420","Dat_Jan_15_2020_AM.txt","0.0425345275","0.0156884265",4,1,12,"a",16,3,NA,NA,NA,NA,"n",0
"328","423_1","0.280711065","0.111026","b|RULEB1-20|N|423","Dat_Jan_10_2020_AM.txt","0.08134819","0.009752128",4,1,17,"gm",16,3,91,NA,NA,NA,"n",0
"329","424_2","0.352430595","0.0957691150000001","b|RULEB1-20|N|424","Dat_Jan_21_2020_AM.txt","0.0407805055","0.0155874905",4,3,8,"a",8,4,NA,NA,NA,NA,"n",0
"330","427_1","0.238657055","0.095836605","e|RULEB1-20|N|427","Dat_Jan_8_2020_PM.txt","0.0338592295","-0.001880746",1,6,5,"gm",13,4,24,NA,NA,NA,"n",0
"331","427_2","0.20481282","0.06815598","e|RULEB1-20|N|427","Dat_Jan_8_2020_PM.txt","0.0365613715","-0.0033632435",1,6,5,"gm",13,4,24,NA,NA,NA,"n",0
"332","428_1","0.161073855","-0.00485003000000001","e|RULEB1-20|N|428","Dat_Jan_22_2020_AM.txt","0.022683265","0.011064296",4,1,11,"m",16,4,NA,39,80,2,"n",0
"333","428_2","0.165770955","0.06685412","e|RULEB1-20|N|428","Dat_Jan_22_2020_PM.txt","0.0132139165","0.0036265745",4,1,11,"m",16,4,NA,39,80,2,"n",0
"335","43_1","0.211355495","0.109508295","c|CBMCK1-1-0|N|43","Dat_Jan_20_2020_AM.txt","0.03939388","0.008414726",4,1,6,"a",17,3,NA,NA,NA,NA,"n",0
"336","43_2","0.492340755","0.147315115","c|CBMCK1-1-0|N|43","Dat_Jan_24_2020_AM.txt","0.0375331945","0.0269175565",4,1,6,"a",17,3,NA,NA,NA,NA,"n",0
"337","430_1","0.370761435","0.103739535","e|RULEB1-20|N|430","Dat_Jan_23_2020_PM.txt","0.0435774595","0.021296683",4,3,16,"gm",19,4,20,NA,NA,NA,"n",0
"338","433_1","0.22021264","0.0729169149999999","a|SMAKC1-B|N|433","Dat_Jan_13_2020_AM.txt","0.026072794","0.0063518465",1,6,3,"gm",14,4,85,NA,NA,NA,"n",0
"339","434_1","0.25695626","0.15429808","a|SMAKC1-B|N|434","Dat_Jan_27_2020_AM.txt","0.021782551","0.003191288",4,1,16,"gm",19,3,18,NA,NA,NA,"n",0
"340","435_1","0.260258825","0.097102045","d|SMAKC1-B|N|435","Dat_Jan_15_2020_PM.txt","0.058237765","0.0107299455",2,1,19,"m",17,4,NA,34,88,2,"y",0
"341","435_2","0.1484777","0.140800465","d|SMAKC1-B|N|435","Dat_Jan_16_2020_PM.txt","0.040152376","0.008452577",2,1,19,"m",17,4,NA,34,88,2,"y",0
"342","436_1","0.189121765","0.07971634","b|SMAKC1-B|N|436","Dat_Jan_16_2020_AM.txt","0.0255394765","0.002043141",1,2,3,"m",11,4,NA,33,75,2,"y",1
"343","437_1","0.587682845","-0.0925855549999999","b|SMAKC1-B|N|437","Dat_Jan_24_2020_PM.txt","0.091990837","0.025523378",4,2,2,"m",14,3,NA,26,84,2,"n",0
"344","438_1","0.79908946","0.187616395","b|SMAKC1-B|N|438","Dat_Dec_12_2019_PM.txt","0.0781127305","0.0235109665",1,3,19,"a",15,3,NA,NA,NA,NA,"n",0
"345","438_2","0.5495358","0.18785796","b|SMAKC1-B|N|438","Dat_Dec_12_2019_AM.txt","0.058996261","0.014231163",1,3,19,"a",15,3,NA,NA,NA,NA,"n",0
"346","439_2","0.424604425","0.14030931","b|SMAKC1-B|N|439","Dat_Jan_27_2020_AM.txt","0.084002926","0.020627982",4,4,5,"m",18,3,NA,31,106,2,"n",0
"347","441_1","0.25585459","0.11860115","c|SMAKC1-B|N|441","Dat_Dec_11_2019_AM.txt","0.06074435725","0.0115248165",1,2,11,"gm",11,4,28,NA,NA,NA,"n",0
"348","442_1","0.27810373","0.09576644","d|SMAKC1-B|N|442","Dat_Jan_10_2020_AM.txt","0.0364428565","0.019681707",4,4,1,"gm",18,3,7,NA,NA,NA,"n",0
"349","443_1","0.301940475","0.117934685","d|SMAKC1-B|N|443","Dat_Jan_17_2020_AM.txt","0.0284786485","0.009436703",2,2,17,"gm",13,3,66,NA,NA,NA,"y",3
"350","443_2","0.24055212","0.126653875","d|SMAKC1-B|N|443","Dat_Jan_9_2020_AM.txt","0.0572303875","0.0071593345",2,2,17,"gm",13,3,66,NA,NA,NA,"y",3
"351","444_2","0.29062202","0.158486995","b|SMAKC1-B|N|444","Dat_Dec_9_2019.txt","0.05788222","0.0137454085",4,3,19,"a",17,4,NA,NA,NA,NA,"n",0
"352","445_1","0.339039415","0.13677472","d|SMAKC1-B|N|445","Dat_Dec_12_2019_AM.txt","0.0541252945","0.020653216",1,6,11,"m",12,3,NA,30,116,4,"n",0
"353","445_2","0.34088499","0.106422885","d|SMAKC1-B|N|445","Dat_Dec_12_2019_AM.txt","0.043375984","0.0128748355",1,6,11,"m",12,3,NA,30,116,4,"n",0
"354","446_2","0.20113708","0.0762329849999999","e|SMAKC1-B|N|446","Dat_Jan_20_2020_AM.txt","0.042048616","0.0078532695",3,2,10,"a",22,4,NA,NA,NA,NA,"n",0
"355","447_1","0.13306084","0.079141645","e|SMAKC1-B|N|447","Dat_Jan_17_2020_AM.txt","0.0315600385","0.007670323",4,1,19,"a",18,3,NA,NA,NA,NA,"n",0
"356","447_2","0.19456277","0.085371725","e|SMAKC1-B|N|447","Dat_Dec_10_2019_AM.txt","0.035079934","0.0105785415",4,1,19,"a",18,3,NA,NA,NA,NA,"n",0
"359","450_1","0.43846613","0.161236395","a|SMITH1-20|Q|450","Dat_Dec_12_2019_AM.txt","0.067078984","0.01222506",1,4,18,"m",13,3,NA,43,96,4,"y",0
"360","450_2","0.242349835","0.144657485","a|SMITH1-20|Q|450","Dat_Jan_9_2020_AM.txt","0.043067845","0.00667358",1,4,18,"m",13,3,NA,43,96,4,"y",0
"361","451_1","0.19101683","0.11053361","a|SMITH1-20|Q|451","Dat_Jan_15_2020_PM.txt","0.0524423815","0.00847150250000001",1,6,3,"gm",13,3,85,NA,NA,NA,"n",0
"362","452_1","0.15576428","0.116104015","a|SMITH1-20|Q|452","Dat_Jan_10_2020_AM.txt","0.047476603","0.022116788",4,2,13,"a",12,2,NA,NA,NA,NA,"y",0
"363","452_2","0.21724917","0.0654362100000001","a|SMITH1-20|Q|452","Dat_Jan_23_2020_AM.txt","0.011827291","-0.002221405",4,2,13,"a",12,2,NA,NA,NA,NA,"y",0
"364","453_1","0.28773886","0.106922065","a|SMITH1-20|Q|453","Dat_Jan_20_2020_AM.txt","0.0541727005","0.005563284",3,6,4,"gm",13,3,47,NA,NA,NA,"n",0
"365","453_2","0.35712688","0.11271099","a|SMITH1-20|Q|453","Dat_Jan_24_2020_AM.txt","0.073075843","0.0222871175",3,6,4,"gm",13,3,47,NA,NA,NA,"n",0
"366","454_2","0.32911305","0.14194039","a|SMITH1-20|Q|454","Dat_Jan_22_2020_PM.txt","0.0759557575","0.0086607575",4,5,3,"a",12,2,NA,NA,NA,NA,"y",0
"367","455_1","0.372365265","0.1508781","a|SMITH1-20|Q|455","Dat_Jan_22_2020_PM.txt","0.042641191","0.0080425245",4,3,21,"gm",15,2,84,NA,NA,NA,"n",0
"368","455_2","0.179876035","0.119815355","a|SMITH1-20|Q|455","Dat_Dec_9_2019.txt","0.0239750785","0.015480246",4,3,21,"gm",15,2,84,NA,NA,NA,"n",0
"369","456_1","0.086472795","0.068366475","a|SMITH1-20|Q|456","Dat_Dec_11_2019_PM.txt","0.02943862","0.002838012",1,4,15,"m",12,3,NA,35,85,2,"y",15
"370","456_2","0.170160595","0.152743955","a|SMITH1-20|Q|456","Dat_Dec_12_2019_PM.txt","0.01948336","0.0102378825",1,4,15,"m",12,3,NA,35,85,2,"y",15
"371","459_1","0.485961145","0.182081175","b|SMITH1-20|Q|459","Dat_Jan_8_2020_AM.txt","0.086373226","0.012502634",2,6,19,"m",7,3,NA,27,101,2,"y",1
"372","46_1","0.19206901","0.0850614350000001","d|CBMCK1-1-0|N|46","Dat_Jan_20_2020_AM.txt","0.037829482","0.01487463",5,6,10,"a",12,3,NA,NA,NA,NA,"n",0
"373","46_2","0.32177698","0.105467735","d|CBMCK1-1-0|N|46","Dat_Jan_21_2020_AM.txt","0.035056231","0.0158650645",5,6,10,"a",12,3,NA,NA,NA,NA,"n",0
"374","460_1","0.33759865","0.16575453","b|SMITH1-20|Q|460","Dat_Jan_22_2020_PM.txt","0.02303881","0.018823751",4,1,5,"a",16,3,NA,NA,NA,NA,"y",0
"375","460_2","0.36723172","0.13103703","b|SMITH1-20|Q|460","Dat_Jan_23_2020_PM.txt","0.0437670835","0.0265138125",4,1,5,"a",16,3,NA,NA,NA,NA,"y",0
"376","462_1","0.309841975","0.0648668650000001","b|SMITH1-20|Q|462","Dat_Jan_15_2020_PM.txt","0.0547652755","0.0094682455",2,2,18,"gm",10,3,26,NA,NA,NA,"y",0
"377","462_2","0.286427895","0.152986755","b|SMITH1-20|Q|462","Dat_Dec_11_2019_AM.txt","0.0423923095","0.00515954",2,2,18,"gm",10,3,26,NA,NA,NA,"y",0
"378","463_1","0.5539733","0.22539235","b|SMITH1-20|Q|463","Dat_Jan_8_2020_AM.txt","0.0479388115","0.0203693335",2,6,14,"a",7,3,NA,NA,NA,NA,"n",0
"379","463_2","0.452845405","0.14097845","b|SMITH1-20|Q|463","Dat_Jan_13_2020_AM.txt","0.029035669","0.004011393",2,6,14,"a",7,3,NA,NA,NA,NA,"n",0
"380","464_1","0.35881102","0.11576533","b|SMITH1-20|Q|464","Dat_Jan_22_2020_AM.txt","0.01403167","0.016249883",2,5,13,"m",12,3,NA,16,72,2,"y",15
"381","464_2","0.374696775","0.12983229","b|SMITH1-20|Q|464","Dat_Jan_15_2020_PM.txt","0.041835289","0.013966206",2,5,13,"m",12,3,NA,16,72,2,"y",15
"382","466_2","0.34344365","0.115275615","c|SMITH1-20|Q|466","Dat_Jan_27_2020_AM.txt","0.0536749375","0.0158272135",2,5,3,"gm",16,3,32,NA,NA,NA,"n",0
"383","467_1","0.1423934","0.433056605","c|SMITH1-20|Q|467","Dat_Jan_24_2020_PM.txt","0.1230062125","0.030317838",3,2,1,"a",6,2,NA,NA,NA,NA,"n",0
"384","467_2","0.28875859","0.0771786699999999","c|SMITH1-20|Q|467","Dat_Jan_27_2020_AM.txt","0.059209588","0.0113481785",3,2,1,"a",6,2,NA,NA,NA,NA,"n",0
"385","468_1","0.310716495","0.070665255","c|SMITH1-20|Q|468","Dat_Jan_17_2020_AM.txt","0.056957803","0.011909635",1,1,2,"m",4,2,NA,41,95.5,2,"y",4
"386","468_2","0.262106845","0.231037035","c|SMITH1-20|Q|468","Dat_Jan_16_2020_PM.txt","0.0488158225","0.004516073",1,1,2,"m",4,2,NA,41,95.5,2,"y",4
"387","471_1","0.234511605","0.096743195","d|SMITH1-20|Q|471","Dat_Dec_9_2019.txt","0.055914871","0.014155461",4,3,18,"gm",15,3,83,NA,NA,NA,"n",0
"388","471_2","0.273052125","0.141365695","d|SMITH1-20|Q|471","Dat_Dec_10_2019_AM.txt","0.0456396205","0.001967439",4,3,18,"gm",15,3,83,NA,NA,NA,"n",0
"389","472_2","0.191518175","0.0672129699999999","d|SMITH1-20|Q|472","Dat_Jan_23_2020_PM.txt","0.0254920705","0.014672758",2,4,7,"gm",15,2,82,NA,NA,NA,"n",0
"390","473_1","0.202367735","0.07425252","d|SMITH1-20|Q|473","Dat_Jan_14_2020_AM.txt","0.0276016375","0.0060868895",2,6,15,"m",0,0,NA,54,132,2,"n",0
"391","473_2","0.34083713","0.15477833","d|SMITH1-20|Q|473","Dat_Jan_9_2020_AM.txt","0.024200257","0.0131271755",2,6,15,"m",0,0,NA,54,132,2,"n",0
"392","474_1","0.262299915","0.147139805","d|SMITH1-20|Q|474","Dat_Dec_12_2019_AM.txt","0.05314162","0.0121178155",2,3,20,"m",2,2,NA,36,99,1,"y",9
"393","474_2","0.29538239","0.129209035","d|SMITH1-20|Q|474","Dat_Dec_11_2019_AM.txt","0.0548600875","0.007443217",2,3,20,"m",2,2,NA,36,99,1,"y",9
"394","475_1","0.32517771","0.115847635","e|SMITH1-20|Q|475","Dat_Jan_8_2020_PM.txt","0.0473936425","0.02660844",2,4,20,"m",21,2,NA,38,99,2,"y",0
"395","475_2","0.23347565","0.12435098","e|SMITH1-20|Q|475","Dat_Dec_11_2019_AM.txt","0.034250329","-0.0033758605",2,4,20,"m",21,2,NA,38,99,2,"y",0
"396","478_1","0.45420586","0.156082865","e|SMITH1-20|Q|478","Dat_Jan_24_2020_PM.txt","0.098769895","0.021397619",3,5,18,"gm",20,4,2,NA,NA,NA,"n",0
"397","48_1","0.17326846","0.0699205999999999","a|SMITH1-20|Q|48","Dat_Jan_22_2020_PM.txt","0.027660895","0.008275939",4,3,14,"gm",5,3,21,NA,NA,NA,"n",0
"398","48_2","0.167227945","0.04000992","a|SMITH1-20|Q|48","Dat_Jan_27_2020_AM.txt","0.02493505","0.0139598975",4,3,14,"gm",5,3,21,NA,NA,NA,"n",0
"399","482_1","0.252680195","0.0833575150000001","b|VRCAN-1-40|Q|482","Dat_Jan_17_2020_PM.txt","0.0130005895","0.0127612825",4,2,21,"m",6,2,NA,24,65,2,"y",0
"401","483_1","0.292483005","0.075508495","b|VRCAN-1-40|Q|483","Dat_Jan_13_2020_AM.txt","0.037568749","0.034721171",1,4,8,"m",13,2,NA,39,75,NA,"n",0
"402","484_1","0.229928895","0.09475059","b|VRCAN-1-40|Q|484","Dat_Jan_16_2020_PM.txt","0.0343095865","0.009777362",2,2,11,"a",5,2,NA,NA,NA,NA,"y",4
"403","484_2","0.274071855","0.1116223","b|VRCAN-1-40|Q|484","Dat_Jan_14_2020_AM.txt","0.0237143455","0.0058345495",2,2,11,"a",5,2,NA,NA,NA,NA,"y",4
"404","485_2","0.244891455","0.09661233","b|VRCAN-1-40|Q|485","Dat_Jan_17_2020_PM.txt","0.00408826150000001","0.0088247785",4,5,14,"a",9,2,NA,NA,NA,NA,"n",0
"405","486_1","0.49085213","0.22465037","b|VRCAN-1-40|Q|486","Dat_Dec_10_2019_PM.txt","0.051861658","0.0278259805",4,6,20,"m",3,2,NA,31,81,2,"n",0
"406","486_2","0.20304837","0.109185865","b|VRCAN-1-40|Q|486","Dat_Dec_10_2019_AM.txt","0.0266061115","0.019378899",4,6,20,"m",3,2,NA,31,81,2,"n",0
"407","487_2","0.27442799","0.103843445","b|VRCAN-1-40|Q|487","Dat_Jan_22_2020_AM.txt","0.0221262445","0.007922663",1,1,6,"m",10,2,NA,14,58,2,"n",0
"408","489_1","0.516858135","0.204416705","a|VRCAN-1-40|Q|489","Dat_Dec_12_2019_AM.txt","0.0486736045","0.0199025045",1,4,13,"a",9,3,NA,NA,NA,NA,"y",0
"409","489_2","0.6390037","0.213214085","a|VRCAN-1-40|Q|489","Dat_Jan_9_2020_AM.txt","0.022635859","0.0143888755",1,4,13,"a",9,3,NA,NA,NA,NA,"y",0
"410","490_1","0.169074335","0.0644203600000001","b|VRCAN-1-40|Q|490","Dat_Dec_12_2019_PM.txt","0.031145236","0.024173359",1,6,14,"gm",10,2,23,NA,NA,NA,"n",0
"411","490_2","0.111442845","0.0757405949999999","b|VRCAN-1-40|Q|490","Dat_Dec_12_2019_PM.txt","0.0097769815","0.0023396405",1,6,14,"gm",10,2,23,NA,NA,NA,"n",0
"412","491_1","0.53816867","0.22200344","c|VRCAN-1-40|Q|491","Dat_Dec_12_2019_AM.txt","0.0343095865","0.005929177",2,2,21,"gm",1,2,NA,NA,NA,NA,"n",0
"413","495_2","0.1624189","0.06288105","c|VRCAN-1-40|Q|495","Dat_Jan_20_2020_AM.txt","0.014387215","0.0019737475",2,3,6,"m",9,2,NA,37,109,2,"n",0
"414","496_2","0.152249975","0.0907748450000001","c|VRCAN-1-40|Q|496","Dat_Jan_16_2020_AM.txt","0.0176700805","0.0106037755",2,1,11,"a",20,3,NA,NA,NA,NA,"n",0
"415","497_2","0.174661365","0.089296235","c|VRCAN-1-40|Q|497","Dat_Jan_16_2020_AM.txt","0.0212966395","0.0033994685",2,4,13,"m",13,2,NA,48,93,2,"y",13
"416","498_1","0.443534775","0.172535025","c|VRCAN-1-40|Q|498","Dat_Jan_9_2020_AM.txt","0.05006023","0.016565308",1,1,14,"m",16,3,NA,20,62,2,"n",0
"417","498_2","0.65006337","0.19325429","c|VRCAN-1-40|Q|498","Dat_Dec_12_2019_PM.txt","0.030552661","0.0110327535",1,1,14,"m",16,3,NA,20,62,2,"n",0
"418","499_1","0.189202075","0.035632115","d|VRCAN-1-40|Q|499","Dat_Jan_10_2020_AM.txt","0.029651947","0.00644647400000001",3,3,21,"gm",4,2,81,NA,NA,NA,"y",0
"419","50_1","0.217524995","0.10174158","e|CRSOSO-3-40|Q|50","Dat_Jan_20_2020_AM.txt","0.034155517","0.0010274725",4,5,10,"gm",19,5,61,NA,NA,NA,"n",0
"420","500_1","0.254834045","0.0935822700000001","d|VRCAN-1-40|Q|500","Dat_Jan_22_2020_AM.txt","-0.0079765655","0.000554335",1,3,1,"m",12,2,NA,41,80,2,"n",0
"421","500_2","0.2750275","0.12809874","d|VRCAN-1-40|Q|500","Dat_Jan_17_2020_AM.txt","0.0235247215","0.0136949405",1,3,1,"m",12,2,NA,41,80,2,"n",0
"422","501_1","0.530831785","0.13076851","d|VRCAN-1-40|Q|501","Dat_Dec_10_2019_PM.txt","-0.0086876555","0.023719147",4,1,22,"a",9,2,NA,NA,NA,NA,"y",0
"423","502_1","0.53316411","0.164484975","d|VRCAN-1-40|Q|502","Dat_Jan_23_2020_PM.txt","0.0551682265","0.0261983875",3,2,4,"gm",11,2,48,NA,NA,NA,"n",0
"424","502_3","0.177300335","0.05406474","d|VRCAN-1-40|Q|502","Dat_Jan_23_2020_PM.txt","0.0185944975","0.015606416",3,2,4,"gm",11,2,48,NA,NA,NA,"n",0
"425","503_1","0.338569705","0.129604305","e|VRCAN-1-40|Q|503","Dat_Jan_14_2020_AM.txt","0.0423212005","0.008250705",2,3,19,"gm",14,3,79,NA,NA,NA,"n",0
"426","503_2","0.33578471","0.14561531","e|VRCAN-1-40|Q|503","Dat_Jan_14_2020_AM.txt","0.0340251505","0.0080425245",2,3,19,"gm",14,3,79,NA,NA,NA,"n",0
"428","504_2","0.285181015","0.15283161","e|VRCAN-1-40|Q|504","Dat_Dec_10_2019_PM.txt","0.029723056","0.0161678725",4,6,22,"a",14,3,NA,NA,NA,NA,"n",0
"429","506_1","0.173317135","0.07632743","d|VRPET2-3-20|Q|506","Dat_Dec_11_2019_PM.txt","0.039062038","0.016174181",1,5,19,"m",7,2,NA,45,57,2,"n",0
"430","506_2","0.194546545","0.0832361149999999","d|VRPET2-3-20|Q|506","Dat_Dec_11_2019_AM.txt","0.048709159","0.011228317",1,5,19,"m",7,2,NA,45,57,2,"n",0
"431","509_1","0.464649795","0.109732165","b|VRPET2-3-20|Q|509","Dat_Jan_16_2020_AM.txt","0.043755232","0.00843996",2,5,11,"gm",4,3,71,NA,NA,NA,"y",9
"432","51_1","0.24001751","0.11094102","e|CRSOSO-3-40|Q|51","Dat_Dec_11_2019_PM.txt","0.0418471405","0.0221483305",1,6,18,"a",11,3,NA,NA,NA,NA,"n",0
"433","51_2","0.392687705","0.147717175","e|CRSOSO-3-40|Q|51","Dat_Dec_11_2019_AM.txt","0.035032528","0.009234831",1,6,18,"a",11,3,NA,NA,NA,NA,"n",0
"434","510_1","0.513992015","0.20974966","b|VRPET2-3-20|Q|510","Dat_Dec_10_2019_AM.txt","0.066604924","0.0188174425",4,3,9,"m",16,3,NA,35,129,3,"y",0
"435","510_2","0.27833088","0.12566498","b|VRPET2-3-20|Q|510","Dat_Jan_17_2020_PM.txt","-0.00450407600000001","0.0090392675",4,3,9,"m",16,3,NA,35,129,3,"y",0
"436","511_1","0.26370823","0.113888775","b|VRPET2-3-20|Q|511","Dat_Jan_10_2020_AM.txt","0.0166982575","0.0147169175",3,1,17,"m",12,3,NA,40,110,2,"n",0
"437","512_1","0.252809995","0.100442395","b|VRPET2-3-20|Q|512","Dat_Jan_14_2020_AM.txt","0.048021772","0.005184774",2,2,19,"a",6,2,NA,NA,NA,NA,"y",5
"438","512_2","0.440877135","0.041344085","b|VRPET2-3-20|Q|512","Dat_Jan_9_2020_AM.txt","0.0371302435","0.008376875",2,2,19,"a",6,2,NA,NA,NA,NA,"y",5
"440","514_1","0.394679305","0.13658583","d|VRPET2-3-20|Q|514","Dat_Jan_16_2020_AM.txt","0.0239513755","0.0132659625",2,3,13,"a",0,0,NA,NA,NA,NA,"y",12
"441","514_2","0.497312865","0.20056236","d|VRPET2-3-20|Q|514","Dat_Jan_16_2020_AM.txt","0.041242714","0.016603159",2,3,13,"a",0,0,NA,NA,NA,NA,"y",12
"442","515_1","0.355588765","0.12887714","b|VRPET2-3-20|Q|515","Dat_Jan_17_2020_AM.txt","0.0343332895","0.000989621499999998",2,6,11,"a",5,3,NA,NA,NA,NA,"y",0
"443","515_2","0.4726016","0.172595725","b|VRPET2-3-20|Q|515","Dat_Jan_13_2020_AM.txt","0.0306119185","0.00515954",2,6,11,"a",5,3,NA,NA,NA,NA,"y",0
"444","516_1","0.241652975","0.10758853","b|VRPET2-3-20|Q|516","Dat_Jan_15_2020_PM.txt","0.027684598","0.0011031745",3,1,20,"m",4,1,NA,26,75,2,"y",0
"445","518_1","0.29381264","0.19586624","d|VRPET2-3-20|Q|518","Dat_Dec_9_2019.txt","0.066273082","0.009714277",2,2,20,"a",0,0,NA,NA,NA,NA,"n",0
"446","518_2","0.42280671","0.1223057","d|VRPET2-3-20|Q|518","Dat_Dec_11_2019_AM.txt","0.0597192025","0.0079163545",2,2,20,"a",0,0,NA,NA,NA,NA,"n",0
"447","519_2","0.41252421","0.135250225","c|VRPET2-3-20|Q|519","Dat_Dec_12_2019_PM.txt","0.0492661795","0.017284477",2,1,20,"a",5,4,NA,NA,NA,NA,"n",0
"448","521_1","0.360219335","0.0825143000000001","c|VRPET2-3-20|Q|521","Dat_Jan_23_2020_AM.txt","0.028798639","0.008036216",4,2,9,"m",11,3,NA,37,116,2,"y",0
"449","523_1","0.32867579","0.139041195","c|VRPET2-3-20|Q|523","Dat_Jan_24_2020_AM.txt","0.026689072","0.011051679",4,4,7,"a",7,2,NA,NA,NA,NA,"n",0
"450","523_2","0.327590345","0.105479875","c|VRPET2-3-20|Q|523","Dat_Jan_23_2020_AM.txt","0.019649281","0.0051027635",4,4,7,"a",7,2,NA,NA,NA,NA,"n",0
"451","525_1","0.493102515","0.19292651","d|VRPET2-3-20|Q|525","Dat_Jan_8_2020_AM.txt","0.0749365285","0.02042611",2,1,18,"a",12,2,NA,NA,NA,NA,"y",0
"452","525_2","0.73193723","0.25749255","d|VRPET2-3-20|Q|525","Dat_Jan_8_2020_AM.txt","0.050083933","0.0136949405",2,1,18,"a",12,2,NA,NA,NA,NA,"y",0
"453","526_1","0.638452865","0.19536562","d|VRPET2-3-20|Q|526","Dat_Jan_24_2020_PM.txt","0.1139516665","0.027756587",4,4,2,"gm",19,3,16,NA,NA,NA,"n",0
"454","526_2","0.28281624","0.114843925","d|VRPET2-3-20|Q|526","Dat_Jan_20_2020_AM.txt","0.0307304335","-0.002801787",4,4,2,"gm",19,3,16,NA,NA,NA,"n",0
"455","527_1","0.281375475","0.143823735","d|VRPET2-3-20|Q|527","Dat_Jan_17_2020_AM.txt","0.0274120135","0.0124710915",2,1,12,"gm",8,3,68,NA,NA,NA,"n",0
"456","527_2","0.269424245","0.101087255","d|VRPET2-3-20|Q|527","Dat_Jan_17_2020_AM.txt","0.0290712235","0.0122061345",2,1,12,"gm",8,3,68,NA,NA,NA,"n",0
"457","528_1","0.624607385","0.176574145","d|VRPET2-3-20|Q|528","Dat_Jan_21_2020_AM.txt","0.0469195825","0.012944229",4,5,9,"gm",15,3,69,NA,NA,NA,"y",0
"458","528_2","0.203274705","0.0843221299999999","d|VRPET2-3-20|Q|528","Dat_Jan_10_2020_AM.txt","0.0292845505","0.002043141",4,5,9,"gm",15,3,69,NA,NA,NA,"y",0
"460","53_2","0.341273575","0.10291525","e|CRSOSO-3-40|Q|53","Dat_Jan_17_2020_PM.txt","0.039915346","0.00276231",4,6,15,"gm",15,3,19,NA,NA,NA,"n",0
"461","531_1","0.7097035","0.227700595","a|VSGARO1-1-0|Q|531","Dat_Jan_21_2020_AM.txt","0.081869656","0.018016263",3,5,9,"gm",19,3,38,NA,NA,NA,"n",0
"463","534_1","0.219014435","0.0791686","a|VSGARO1-1-0|Q|534","Dat_Jan_14_2020_AM.txt","0.029367511","0.0120421135",4,2,19,"gm",18,3,62,NA,NA,NA,"n",0
"464","539_1","0.374696775","0.12983229","d|VSGARO1-1-0|Q|539","Dat_Dec_10_2019_PM.txt","0.021308491","0.0111084555",3,2,21,"m",17,2,NA,41,95,2,"n",0
"465","54_1","0.40201456","0.11829621","e|CRSOSO-3-40|Q|54","Dat_Dec_10_2019_AM.txt","0.0424160125","0.0075630785",1,4,12,"a",15,3,NA,NA,NA,NA,"y",0
"466","54_2","0.18808581","0.107324125","e|CRSOSO-3-40|Q|54","Dat_Dec_11_2019_PM.txt","0.0325792675","0.009411469",1,4,12,"a",15,3,NA,NA,NA,NA,"y",0
"467","540_1","0.159326445","0.0930777399999999","d|VSGARO1-1-0|Q|540","Dat_Dec_12_2019_PM.txt","0.026878696","0.0153099165",1,5,10,"m",4,2,NA,48,69,2,"y",2
"468","540_2","0.118843","0.065993415","d|VSGARO1-1-0|Q|540","Dat_Dec_11_2019_AM.txt","0.0254683675","0.000491250000000002",1,5,10,"m",4,2,NA,48,69,2,"y",2
"469","541_1","0.54883894","0.150789005","d|VSGARO1-1-0|Q|541","Dat_Jan_24_2020_AM.txt","0.0489343375","0.0228674995",3,3,12,"m",18,2,NA,43,82,2,"n",0
"470","542_1","0.397075715","0.12408246","d|VSGARO1-1-0|Q|542","Dat_Jan_22_2020_AM.txt","0.0417760315","0.0123575385",1,4,9,"a",15,2,NA,NA,NA,NA,"n",0
"471","542_2","0.31789113","0.140544085","d|VSGARO1-1-0|Q|542","Dat_Jan_13_2020_AM.txt","0.024034336","0.00288848",1,4,9,"a",15,2,NA,NA,NA,NA,"n",0
"472","543_1","0.4496556","0.15836148","d|VSGARO1-1-0|Q|543","Dat_Jan_24_2020_PM.txt","0.051055756","0.0192085695",4,3,1,"a",6,2,NA,NA,NA,NA,"n",0
"473","543_2","0.192862405","0.080181775","d|VSGARO1-1-0|Q|543","Dat_Jan_24_2020_AM.txt","0.0316074445","0.0097458195",4,3,1,"a",6,2,NA,NA,NA,NA,"n",0
"474","544_1","0.43668464","0.145368395","e|VSGARO1-1-0|Q|544","Dat_Jan_24_2020_PM.txt","0.089383507","0.0189183785",3,3,22,"gm",11,2,49,NA,NA,NA,"n",0
"475","545_1","0.32180943","0.109738955","e|VSGARO1-1-0|Q|545","Dat_Jan_23_2020_AM.txt","0.0203011135","0.0056957625",3,1,19,"a",17,2,NA,NA,NA,NA,"n",0
"476","545_2","0.466561085","0.142685045","e|VSGARO1-1-0|Q|545","Dat_Jan_23_2020_PM.txt","0.0242358115","0.012540485",3,1,19,"a",17,2,NA,NA,NA,NA,"n",0
"477","547_1","0.294636855","0.08573325","e|VSGARO1-1-0|Q|547","Dat_Jan_22_2020_AM.txt","0.014813869","0.0063139955",1,1,1,"gm",9,2,78,NA,NA,NA,"n",0
"478","547_2","0.446335995","0.15865963","e|VSGARO1-1-0|Q|547","Dat_Jan_13_2020_AM.txt","0.0357554695","0.000573260500000001",1,1,1,"gm",9,2,78,NA,NA,NA,"n",0
"480","552_1","0.378164035","0.25827918","a|WSSWM3-1-0|Q|552","Dat_Dec_11_2019_PM.txt","0.08679988","0.018722815",1,5,14,"a",10,2,NA,NA,NA,NA,"n",0
"481","552_2","0.48239898","0.20510745","a|WSSWM3-1-0|Q|552","Dat_Jan_9_2020_AM.txt","0.065988646","0.0059859535",1,5,14,"a",10,2,NA,NA,NA,NA,"n",0
"482","553_1","0.246333035","0.122394795","a|WSSWM3-1-0|Q|553","Dat_Jan_22_2020_PM.txt","0.0445966885","0.0152089805",2,1,3,"m",16,2,NA,30,85,2,"y",0
"483","555_1","0.325064135","0.100898365","a|WSSWM3-1-0|Q|555","Dat_Dec_10_2019_AM.txt","0.0700774135","0.019467218",1,4,14,"m",4,2,NA,27,90,2,"y",11
"484","555_2","0.43639422","0.216451965","a|WSSWM3-1-0|Q|555","Dat_Dec_12_2019_AM.txt","0.0553815535","0.008376875",1,4,14,"m",4,2,NA,27,90,2,"y",11
"485","556_1","0.238204385","0.145564075","a|WSSWM3-1-0|Q|556","Dat_Dec_12_2019_PM.txt","0.0545638","0.015391927",1,5,13,"a",14,2,NA,NA,NA,NA,"n",0
"486","556_2","0.410451485","0.13570352","a|WSSWM3-1-0|Q|556","Dat_Dec_12_2019_PM.txt","0.0350443795","0.0101117125",1,5,13,"a",14,2,NA,NA,NA,NA,"n",0
"487","558_1","0.354276985","0.120179555","a|WSSWM3-1-0|Q|558","Dat_Jan_27_2020_AM.txt","0.088767229","0.0089509485",3,6,15,"a",9,2,NA,NA,NA,NA,"n",0
"488","56_2","0.643522325","0.261426525","a|CRSOSO-3-40|Q|56","Dat_Jan_21_2020_AM.txt","0.053189026","0.0130640905",2,1,5,"a",9,2,NA,NA,NA,NA,"y",0
"489","560_1","0.245912","0.12163121","b|WSSWM3-1-0|Q|560","Dat_Jan_16_2020_AM.txt","0.0618998785","0.014862013",1,3,7,"m",10,3,NA,22,69,2,"n",0
"490","560_2","0.387570385","0.130011715","b|WSSWM3-1-0|Q|560","Dat_Jan_13_2020_AM.txt","0.0436485685","0.0149187895",1,3,7,"m",10,3,NA,22,69,2,"n",0
"491","561_1","0.985925945","0.13049855","b|WSSWM3-1-0|Q|561","Dat_Jan_23_2020_PM.txt","0.1346917915","0.023618211",4,3,5,"gm",6,2,52,NA,NA,NA,"n",0
"492","562_1","0.666014025","0.21586369","c|WSSWM3-1-0|Q|562","Dat_Jan_21_2020_AM.txt","0.0620183935","0.008010982",3,1,5,"gm",0,0,54,NA,NA,NA,"n",0
"493","563_1","0.19321854","0.07240292","c|WSSWM3-1-0|Q|563","Dat_Jan_20_2020_AM.txt","0.0392398105","0.0051027635",3,3,14,"gm",15,2,55,NA,NA,NA,"n",0
"494","564_2","0.37084256","0.114417585","c|WSSWM3-1-0|Q|564","Dat_Jan_15_2020_AM.txt","0.0201588955","0.0184136985",2,3,10,"a",14,2,NA,NA,NA,NA,"y",0
"495","566_1","0.25207987","0.00433994500000004","c|WSSWM3-1-0|Q|566","Dat_Jan_22_2020_PM.txt","0.050415775","0.011732997",2,6,9,"a",12,2,NA,NA,NA,NA,"n",0
"496","567_1","0.220083655","0.11059431","c|WSSWM3-1-0|Q|567","Dat_Jan_9_2020_AM.txt","0.0429374785","0.0011284085",1,3,18,"m",10,2,NA,35,93,2,"y",0
"497","567_2","0.5176702","0.36595948","c|WSSWM3-1-0|Q|567","Dat_Dec_11_2019_AM.txt","0.0401642275","-0.0012057365",1,3,18,"m",10,2,NA,35,93,2,"y",0
"498","568_1","0.196570595","0.0763759899999999","c|WSSWM3-1-0|Q|568","Dat_Jan_22_2020_PM.txt","0.0284905","0.0102000315",3,5,15,"m",9,2,NA,60,72,2,"y",0
"500","57_2","0.223484385","0.12097421","a|CRSOSO-3-40|Q|57","Dat_Jan_10_2020_AM.txt","0.0345229135","0.014609673",3,1,5,"gm",13,3,54,NA,NA,NA,"n",0
"501","570_1","0.39668713","0.127590095","d|WSSWM3-1-0|Q|570","Dat_Jan_27_2020_AM.txt","0.0554052565","0.0323428665",4,1,4,"gm",21,3,31,NA,NA,NA,"n",0
"502","571_1","0.147909825","0.066054115","e|WSSWM3-1-0|Q|571","Dat_Jan_17_2020_AM.txt","0.0399746035","0.0147673855",4,3,6,"gm",10,2,53,NA,NA,NA,"n",0
"503","572_1","0.130275845","0.09515265","e|WSSWM3-1-0|Q|572","Dat_Jan_8_2020_AM.txt","0.0448100155","0.014180695",2,1,15,"a",13,2,NA,NA,NA,NA,"n",0
"504","572_2","0.168912085","0.04306426","e|WSSWM3-1-0|Q|572","Dat_Jan_15_2020_PM.txt","0.0364428565","0.009764745",2,1,15,"a",13,2,NA,NA,NA,NA,"n",0
"505","573_1","0.44371162","0.086502185","e|WSSWM3-1-0|Q|573","Dat_Jan_24_2020_AM.txt","0.086610256","0.033686577",4,5,1,"m",2,2,NA,32,85,1,"n",0
"506","573_2","0.112090215","0.051640445","e|WSSWM3-1-0|Q|573","Dat_Jan_20_2020_AM.txt","0.030126007","0.008010982",4,5,1,"m",2,2,NA,32,85,1,"n",0
"507","574_1","0.155520905","0.0840698649999999","e|WSSWM3-1-0|Q|574","Dat_Dec_11_2019_PM.txt","0.0228847405","0.0067682075",2,5,20,"a",14,2,NA,NA,NA,NA,"y",0
"508","574_2","0.393594675","0.157786785","e|WSSWM3-1-0|Q|574","Dat_Dec_12_2019_AM.txt","0.037616155","0.018634496",2,5,20,"a",14,2,NA,NA,NA,NA,"y",0
"509","575_1","0.23127231","0.0529571200000001","e|WSSWM3-1-0|Q|575","Dat_Jan_16_2020_AM.txt","0.056128198","0.0119790285",1,5,3,"m",14,2,NA,25,74,2,"y",0
"510","575_2","0.26035699","0.16467798","e|WSSWM3-1-0|Q|575","Dat_Jan_14_2020_AM.txt","0.0270090625","-0.0031992225",1,5,3,"m",14,2,NA,25,74,2,"y",0
"511","576_1","0.353954115","0.186991905","e|WSSWM3-1-0|Q|576","Dat_Dec_11_2019_AM.txt","0.088387981","0.012931612",1,1,13,"m",11,2,NA,41,96,2,"n",0
"512","576_2","0.34888547","0.175693275","e|WSSWM3-1-0|Q|576","Dat_Dec_12_2019_AM.txt","0.0384339085","0.0134930685",1,1,13,"m",11,2,NA,41,96,2,"n",0
"513","58_1","0.120106105","0.0682841699999999","a|CRSOSO-3-40|Q|58","Dat_Jan_16_2020_PM.txt","0.0190093","0.006093198",2,1,12,"gm",11,2,68,NA,NA,NA,"n",0
"514","600_2","0.46660976","0.149091875","b|MSMID1-1-20|Q|600","Dat_Jan_27_2020_AM.txt","0.0443596585","0.012136741",3,2,20,"a",9,2,NA,NA,NA,NA,"y",0
"516","602_1","0.138274695","0.05489849","e|MSMID1-1-20|Q|602","Dat_Jan_17_2020_AM.txt","0.0225528985","0.0163823615",4,5,5,"m",14,2,NA,44,70,2,"y",0
"517","61_2","0.323574695","0.123471345","d|CRSOSO-3-40|Q|61","Dat_Jan_21_2020_AM.txt","0.032567416","0.0011031745",4,3,21,"gm",14,3,84,NA,NA,NA,"y",0
"518","62_1","0.350746455","0.0927147750000001","d|CRSOSO-3-40|Q|62","Dat_Jan_16_2020_PM.txt","0.055227484","0.010723637",1,2,4,"a",15,3,NA,NA,NA,NA,"n",0
"519","62_2","0.635684095","0.213512235","d|CRSOSO-3-40|Q|62","Dat_Jan_16_2020_PM.txt","0.0264638935","0.0056074435",1,2,4,"a",15,3,NA,NA,NA,NA,"n",0
"520","63_1","0.130648205","0.089509405","d|CRSOSO-3-40|Q|63","Dat_Dec_11_2019_PM.txt","0.026001685","0.0182496775",1,6,15,"m",11,3,NA,34,62,2,"n",0
"521","63_2","0.237652735","0.0729533350000001","d|CRSOSO-3-40|Q|63","Dat_Dec_12_2019_AM.txt","0.00735927549999999","0.0095313305",1,6,15,"m",11,3,NA,34,62,2,"n",0
"522","66_1","0.393497325","0.144973125","d|CRSOSO-3-40|Q|66","Dat_Jan_22_2020_AM.txt","0.028917154","0.003304841",1,3,3,"a",12,3,NA,NA,NA,NA,"y",6
"523","66_2","0.218544725","0.071998185","d|CRSOSO-3-40|Q|66","Dat_Jan_16_2020_PM.txt","0.0293082535","0.003216522",1,3,3,"a",12,3,NA,NA,NA,NA,"y",6
"524","67_1","0.278184855","0.10644449","d|CRSOSO-3-40|Q|67","Dat_Jan_17_2020_PM.txt","-0.0035915105","0.011770848",4,5,13,"m",11,3,NA,35,73,3,"y",0
"525","67_2","0.290281295","0.113639185","d|CRSOSO-3-40|Q|67","Dat_Jan_21_2020_AM.txt","0.0317022565","0.0183632305",4,5,13,"m",11,3,NA,35,73,3,"y",0
"526","68_1","0.374988825","0.16827327","d|CRSOSO-3-40|Q|68","Dat_Jan_24_2020_PM.txt","0.0341673685","0.0237759235",4,2,11,"a",11,3,NA,NA,NA,NA,"y",0
"527","68_2","0.12204903","0.050745995","d|CRSOSO-3-40|Q|68","Dat_Dec_10_2019_PM.txt","0.016899733","0.009272682",4,2,11,"a",11,3,NA,NA,NA,NA,"y",0
"528","69_1","0.37195964","0.0974878500000001","b|CRSOSO-3-40|Q|69","Dat_Jan_24_2020_AM.txt","0.0304222945","0.0198772705",4,3,13,"gm",20,2,33,NA,NA,NA,"n",0
"529","69_2","0.078764365","0.0375370650000001","b|CRSOSO-3-40|Q|69","Dat_Jan_17_2020_PM.txt","0.017729338","0.013814802",4,3,13,"gm",20,2,33,NA,NA,NA,"n",0
"530","7_2","0.133724435","0.0571771049999999","b|BWPEM1-9-0|Q|7","Dat_Jan_21_2020_AM.txt","0.012016915","0.0045728495",3,1,6,"m",12,2,NA,17,100,3,"y",0
"531","70_1","0.61858391","0.20356135","b|CRSOSO-3-40|Q|70","Dat_Jan_21_2020_AM.txt","0.0458055415","0.006749282",4,5,9,"gm",12,3,69,NA,NA,NA,"n",0
"532","71_1","0.30870867","0.07966099","b|CRSOSO-3-40|Q|71","Dat_Jan_22_2020_PM.txt","0.018867082","0.0077144825",4,5,12,"gm",11,3,86,NA,NA,NA,"y",0
"534","72_2","0.21909556","0.0898466500000001","b|CRSOSO-3-40|Q|72","Dat_Jan_23_2020_PM.txt","-0.00357965899999999","0.00768294",3,5,7,"gm",10,3,87,NA,NA,NA,"n",0
"535","74_2","0.237312825","0.0828678","b|CRSOSO-3-40|Q|74","Dat_Jan_17_2020_PM.txt","0.00804666250000001","-0.003142446",3,6,21,"m",12,4,NA,31,57,2,"y",0
"536","75_1","0.373919605","0.13684756","b|CRSOSO-3-40|Q|75","Dat_Dec_12_2019_PM.txt","0.0262505665","0.026709376",1,6,12,"m",12,3,NA,34,75,2,"n",0
"537","75_2","0.253716965","0.110512005","b|CRSOSO-3-40|Q|75","Dat_Dec_11_2019_AM.txt","0.0364902625","0.0187417405",1,6,12,"m",12,3,NA,34,75,2,"n",0
"538","76_1","0.231677935","0.10634737","b|CRSOSO-3-40|Q|76","Dat_Jan_17_2020_AM.txt","0.0276964495","0.0102757335",2,1,13,"m",10,3,NA,42,86,2,"n",0
"539","76_2","0.10294102","0.049790845","b|CRSOSO-3-40|Q|76","Dat_Jan_16_2020_PM.txt","0.00191943700000001","-0.0046249435",2,1,13,"m",10,3,NA,42,86,2,"n",0
"540","77_1","0.184701305","0.099079835","b|CRSOSO-3-40|Q|77","Dat_Dec_11_2019_PM.txt","0.0640805545","0.0242679865",1,2,16,"a",6,3,NA,NA,NA,NA,"y",5
"541","77_2","0.39978203","0.26168023","b|CRSOSO-3-40|Q|77","Dat_Dec_11_2019_AM.txt","0.0613547095","0.007354898",1,2,16,"a",6,3,NA,NA,NA,NA,"y",5
"542","78_1","0.23867328","0.097972215","b|CRSOSO-3-40|Q|78","Dat_Jan_17_2020_AM.txt","0.0327214855","0.018962538",2,2,13,"m",11,2,NA,47,108,4,"y",0
"543","78_2","0.167957255","0.081350095","b|CRSOSO-3-40|Q|78","Dat_Jan_15_2020_PM.txt","0.026143903","0.0121430495",2,2,13,"m",11,2,NA,47,108,4,"y",0
"544","79_1","0.51036332","0.114708945","a|CWRIC2-X2|Q|79","Dat_Jan_15_2020_PM.txt","0.069212254","0.016439138",2,6,18,"a",10,2,NA,NA,NA,NA,"y",0
"545","79_2","0.437397725","0.18457296","a|CWRIC2-X2|Q|79","Dat_Jan_14_2020_AM.txt","0.0279808855","0.0039546165",2,6,18,"a",10,2,NA,NA,NA,NA,"y",0
"546","82_1","0.321178285","0.135974715","a|CWRIC2-X2|Q|82","Dat_Jan_16_2020_AM.txt","0.0243543265","0.010622701",2,5,11,"gm",14,2,71,NA,NA,NA,"n",0
"547","82_2","0.22994512","0.0968862","a|CWRIC2-X2|Q|82","Dat_Jan_16_2020_PM.txt","0.029960086","0.0080677585",2,5,11,"gm",14,2,71,NA,NA,NA,"n",0
"548","84_2","0.528433745","0.0337473300000001","a|CWRIC2-X2|Q|84","Dat_Jan_27_2020_AM.txt","0.0241647025","0.027062652",3,1,1,"m",0,0,NA,22,70,2,"n",0
"549","85_1","0.195453515","0.093305725","b|CWRIC2-X2|Q|85","Dat_Jan_15_2020_AM.txt","0.031263751","0.013890504",3,2,5,"gm",15,3,46,NA,NA,NA,"y",0
"550","85_2","0.178062095","0.099676135","b|CWRIC2-X2|Q|85","Dat_Jan_16_2020_AM.txt","0.0230980675","0.007115175",3,2,5,"gm",15,3,46,NA,NA,NA,"y",0
"551","86_1","0.66321362","0.28450136","b|CWRIC2-X2|Q|86","Dat_Dec_10_2019_PM.txt","0.048543238","0.0096196495",1,1,16,"a",11,2,NA,NA,NA,NA,"n",0
"552","86_2","0.402063235","0.12470304","b|CWRIC2-X2|Q|86","Dat_Dec_12_2019_PM.txt","0.0338355265","0.0067429735",1,1,16,"a",11,2,NA,NA,NA,NA,"n",0
"553","87_2","0.72594539","0.2339887","b|CWRIC2-X2|Q|87","Dat_Jan_24_2020_AM.txt","0.076797214","0.011808699",3,6,17,"m",8,2,NA,19,68,2,"n",0
"554","88_1","0.29782829","0.17787477","b|CWRIC2-X2|Q|88","Dat_Dec_12_2019_PM.txt","0.040507921","0.012540485",1,1,17,"a",9,2,NA,NA,NA,NA,"n",0
"555","88_2","0.50783874","0.219651985","b|CWRIC2-X2|Q|88","Dat_Dec_12_2019_AM.txt","0.0288815995","0.0091275865",1,1,17,"a",9,2,NA,NA,NA,NA,"n",0
"557","9_1","0.263109535","0.144395755","c|BWPEM1-9-0|Q|9","Dat_Jan_20_2020_AM.txt","0.0191870725","0.000484941500000001",3,4,22,"m",14,2,NA,31,100,NA,"n",0
"558","90_1","0.374016955","0.14966122","c|CWRIC2-X2|Q|90","Dat_Jan_20_2020_AM.txt","0.0450233425","-0.0037796045",4,3,3,"gm",14,2,57,NA,NA,NA,"y",0
"559","92_1","0.255061195","0.12348081","c|CWRIC2-X2|Q|92","Dat_Jan_8_2020_PM.txt","0.0202537075","0.004566541",1,5,8,"m",10,2,NA,46,95,2,"y",0
"560","92_2","0.241248165","0.108960555","c|CWRIC2-X2|Q|92","Dat_Jan_8_2020_PM.txt","-0.010785371","-0.018875845",1,5,8,"m",10,2,NA,46,95,2,"y",0
"561","93_1","0.566004025","0.16928233","c|CWRIC2-X2|Q|93","Dat_Jan_8_2020_AM.txt","0.055843762","0.018962538",2,6,16,"a",12,2,NA,NA,NA,NA,"n",0
"562","93_2","0.56695967","0.18575877","c|CWRIC2-X2|Q|93","Dat_Jan_8_2020_AM.txt","0.0469669885","0.0176819125",2,6,16,"a",12,2,NA,NA,NA,NA,"n",0
"563","94_1","0.225815895","0.0999283999999999","c|CWRIC2-X2|Q|94","Dat_Dec_9_2019.txt","0.0084022075","0.00187912",4,4,20,"gm",10,2,74,NA,NA,NA,"n",0
"564","95_1","0.375846305","0.117173775","c|CWRIC2-X2|Q|95","Dat_Dec_10_2019_AM.txt","0.0577044475","0.021725661",1,3,10,"a",6,2,NA,NA,NA,NA,"n",0
"565","95_2","0.223954095","0.128144625","c|CWRIC2-X2|Q|95","Dat_Dec_11_2019_PM.txt","0.056009683","0.0190823995",1,3,10,"a",6,2,NA,NA,NA,NA,"n",0
"566","96_2","0.2309324","0.062871585","d|CWRIC2-X2|Q|96","Dat_Jan_22_2020_AM.txt","0.0284312425","0.0184010815",4,6,2,"m",8,3,NA,36,90,2,"n",0
"567","97_1","0.35918501","0.219646635","d|CWRIC2-X2|Q|97","Dat_Jan_15_2020_AM.txt","0.052406827","0.0022387045",5,4,13,"a",11,3,NA,NA,NA,NA,"n",0
"568","98_1","0.476438775","0.131112545","d|CWRIC2-X2|Q|98","Dat_Jan_8_2020_AM.txt","0.0422737945","0.007392749",2,4,21,"m",13,3,NA,44,92,2,"n",0
"569","98_2","0.322717215","0.17457084","d|CWRIC2-X2|Q|98","Dat_Dec_12_2019_AM.txt","0.031524484","0.0170510625",2,4,21,"m",13,3,NA,44,92,2,"n",0
"570","99_1","0.35452036","0.152213705","a|CWRIC2-X2|Q|99","Dat_Jan_14_2020_AM.txt","0.0529875505","0.0086229065",2,4,17,"a",6,2,NA,NA,NA,NA,"y",10
"571","99_2","0.41294606","0.190776085","a|CWRIC2-X2|Q|99","Dat_Jan_8_2020_PM.txt","0.05266756","0.016628393",2,4,17,"a",6,2,NA,NA,NA,NA,"y",10
"572","273da_1","0.303834725","0.0939896800000001","a|KVEDG1-1-80|Q|273","Dat_Jan_17_2020_PM.txt","0.038279839","0.0228548825",4,4,9,"a",10,3,NA,NA,NA,NA,"y",0
"574","273dd_1","0.65317368","0.27471776","d|JBCHY1-1-50|Q|273","Dat_Dec_9_2019.txt","0.030789691","0.00838318350000001",4,5,22,"gm",16,3,56,NA,NA,NA,"n",0
"575","273dd_2","0.18782621","0.073154365","d|JBCHY1-1-50|Q|273","Dat_Jan_17_2020_PM.txt","0.031216345","0.0135309195",4,5,22,"gm",16,3,56,NA,NA,NA,"n",0
"576","i109_1","0.28323809","0.170369785","d|CBMCK1-2-80|N|i109","Dat_Jan_16_2020_PM.txt","0.0518498065","0.0167861055",1,2,6,"a",10,2,NA,NA,NA,NA,"y",6
"577","i109_2","0.27731115","0.155408375","d|CBMCK1-2-80|N|i109","Dat_Jan_14_2020_AM.txt","0.0266061115","0.002459502",1,2,6,"a",10,2,NA,NA,NA,NA,"y",6
"578","i111_1","0.34117704","0.144863865","c|CBMCK1-2-80|N|i111","Dat_Jan_22_2020_PM.txt","0.0182389525","0.0106542435",4,4,16,"a",13,3,NA,NA,NA,NA,"n",0
"579","i111_2","0.179049375","0.06566152","c|CBMCK1-2-80|N|i111","Dat_Jan_15_2020_AM.txt","0.004882312","0.016691478",4,4,16,"a",13,3,NA,NA,NA,NA,"n",0
"580","i112_2","0.437542935","0.149031175","e|CBMCK1-2-80|N|i112","Dat_Jan_23_2020_PM.txt","0.0228847405","0.011934869",3,3,7,"a",8,3,NA,NA,NA,NA,"y",5
"581","i114_1","0.26715845","0.18543778","d|CBMCK1-3-60|N|i114","Dat_Dec_10_2019_PM.txt","0.069283363","0.0362162855",2,6,3,"a",12,3,NA,NA,NA,NA,"n",0
"582","i115_1","0.19695918","0.072868355","d|CBMCK1-3-60|N|i115","Dat_Jan_23_2020_PM.txt","0.012159133","0.0307909755",4,2,16,"a",12,3,NA,NA,NA,NA,"n",0
"584","i117_2","0.33010033","0.107925775","d|CBMCK1-3-60|N|i117","Dat_Jan_21_2020_AM.txt","0.021877363","0.0119790285",4,2,12,"a",13,3,NA,NA,NA,NA,"n",0
"585","i119_1","0.539787095","0.161753065","c|DSGAR1-3-60|V|i119","Dat_Jan_24_2020_AM.txt","0.058925152","0.029346329",4,6,11,"a",9,3,NA,NA,NA,NA,"n",0
"586","i120_1","0.183729435","0.0804677850000001","d|DSGAR1-3-60|V|i120","Dat_Jan_16_2020_PM.txt","0.0285971635","0.002838012",1,1,4,"a",13,3,NA,NA,NA,NA,"n",0
"587","i120_2","0.230706065","0.08773532","d|DSGAR1-3-60|V|i120","Dat_Jan_15_2020_PM.txt","0.0357554695","0.003241756",1,1,4,"a",13,3,NA,NA,NA,NA,"n",0
"588","i121_1","0.31233655","0.11993943","b|JKFRS1-6-0|V|i121","Dat_Jan_24_2020_PM.txt","0.067671559","0.0310685495",2,2,10,"a",13,3,NA,NA,NA,NA,"y",0
"589","i121_2","0.123749395","0.055935945","b|JKFRS1-6-0|V|i121","Dat_Jan_14_2020_AM.txt","0.0054867385","-0.0017482675",2,2,10,"a",13,3,NA,NA,NA,NA,"y",0
"590","i122_1","0.171600545","0.06900187","e|JKFRS1-6-0|V|i122","Dat_Jan_17_2020_AM.txt","0.0107013985","0.007947897",2,4,12,"a",9,3,NA,NA,NA,NA,"y",0
"591","i123_1","0.209039395","0.07792744","a|LGESC1-3-60|V|i123","Dat_Jan_14_2020_AM.txt","0.028182361","0.0130640905",2,5,17,"a",15,3,NA,NA,NA,NA,"n",0
"592","i123_2","0.311818165","0.106362185","a|LGESC1-3-60|V|i123","Dat_Jan_9_2020_AM.txt","0.01166137","0.001904354",2,5,17,"a",15,3,NA,NA,NA,NA,"n",0
"593","i124_1","0.411358455","0.14577313","d|LGESC1-3-60|V|i124","Dat_Jan_24_2020_PM.txt","0.102728296","0.0344625225",4,2,6,"a",10,3,NA,NA,NA,NA,"n",0
"594","i125_1","0.259514105","0.108388535","a|MAVELK-1-20|N|i125","Dat_Jan_17_2020_PM.txt","0.002014249","0.0144014925",3,6,14,"a",9,3,NA,NA,NA,NA,"n",0
"596","i126_2","0.87715778","0.24284678","a|MAVELK-1-20|N|i126","Dat_Dec_10_2019_PM.txt","0.020573698","0.0082570135",3,2,16,"a",11,3,NA,NA,NA,NA,"y",12
"597","i127_1","0.767658675","0.204330285","a|MAVELK-1-20|N|i127","Dat_Jan_24_2020_AM.txt","0.06736342","0.0196501645",4,5,6,"a",12,3,NA,NA,NA,NA,"n",0
"598","i127_2","0.61315913","0.200041575","a|MAVELK-1-20|N|i127","Dat_Jan_23_2020_AM.txt","0.036241381","0.0107677965",4,5,6,"a",12,3,NA,NA,NA,NA,"n",0
"600","i130_1","0.274379315","0.097436615","e|MAVELK-1-20|N|i130","Dat_Jan_10_2020_AM.txt","0.0143042545","0.0182496775",4,4,12,"a",9,2,NA,NA,NA,NA,"n",0
"601","i131_1","0.42751922","0.141383185","d|MAVELK-1-20|N|i131","Dat_Dec_9_2019.txt","0.032780743","0.017965795",5,6,12,"a",11,3,NA,NA,NA,NA,"n",0
"602","i132_1","0.272760075","0.102924715","e|MAVELK-1-20|N|i132","Dat_Jan_15_2020_AM.txt","0.035956945","0.0245329435",3,5,20,"a",9,3,NA,NA,NA,NA,"n",0
"603","i132_2","0.37858344","0.149518215","e|MAVELK-1-20|N|i132","Dat_Jan_24_2020_AM.txt","0.038777602","0.022735021",3,5,20,"a",9,3,NA,NA,NA,NA,"n",0
"604","i134_1","0.376172435","0.269410525","b|MBSGF1-X1|N|i134","Dat_Dec_12_2019_PM.txt","0.0474647515","0.0333522265",1,1,18,"a",9,3,NA,NA,NA,NA,"n",0
"605","i134_2","0.75350655","0.25448677","b|MBSGF1-X1|N|i134","Dat_Jan_8_2020_AM.txt","0.00939773350000002","0.000440782000000006",1,1,18,"a",9,3,NA,NA,NA,NA,"n",0
"606","i135_1","0.229831545","0.08193693","d|MBSGF1-X1|N|i135","Dat_Jan_17_2020_AM.txt","0.0276016375","0.014950332",3,4,11,"a",11,3,NA,NA,NA,NA,"y",0
"607","i136_1","0.4286127775","0.17601231","d|MBSGF1-X1|N|i136","Dat_Jan_17_2020_AM.txt","0.05336087275","0.01567896375",5,5,13,"a",8,3,NA,NA,NA,NA,"n",0
"608","i136_2","0.48372617","0.16117837","d|MBSGF1-X1|N|i136","Dat_Dec_10_2019_AM.txt","0.0194478055","0.0033616175",5,5,13,"a",8,3,NA,NA,NA,NA,"n",0
"609","i137_1","0.2043926","0.12215467","a|NSLJU1-4-0|V|i137","Dat_Jan_13_2020_AM.txt","0.0051785995","0.0074369085",1,6,7,"a",13,3,NA,NA,NA,NA,"n",0
"610","i137_2","0.358957045","0.13498582","a|NSLJU1-4-0|V|i137","Dat_Jan_17_2020_AM.txt","0.0533905015","0.023088297",1,6,7,"a",13,3,NA,NA,NA,NA,"n",0
"611","i138_1","0.300321235","0.123422785","a|NSLJU1-4-0|V|i138","Dat_Jan_20_2020_AM.txt","0.031168939","0.006787133",4,2,5,"a",17,3,NA,NA,NA,NA,"y",0
"612","i138_2","0.276095905","0.104762175","a|NSLJU1-4-0|V|i138","Dat_Dec_10_2019_PM.txt","0.032188168","0.013436292",4,2,5,"a",17,3,NA,NA,NA,NA,"y",0
"613","i139_1","0.33440803","0.128375285","a|NSLJU1-4-0|V|i139","Dat_Jan_9_2020_AM.txt","0.039322771","0.015467629",2,2,14,"a",11,3,NA,NA,NA,NA,"n",0
"614","i140_1","0.282525005","0.13116522","b|NSLJU1-4-0|V|i140","Dat_Dec_11_2019_PM.txt","0.044015965","0.0026045975",1,3,17,"a",12,3,NA,NA,NA,NA,"y",8
"615","i140_2","0.376073455","0.147072315","b|NSLJU1-4-0|V|i140","Dat_Dec_10_2019_PM.txt","0.036336193","0.0117519225",1,3,17,"a",12,3,NA,NA,NA,NA,"y",8
"616","i141_1","0.64055804","0.199183545","c|NSLJU1-4-0|V|i141","Dat_Jan_8_2020_PM.txt","0.1302830335","0.032752919",1,6,16,"a",12,1,NA,NA,NA,NA,"n",0
"617","i141_2","0.653107965","0.211413045","c|NSLJU1-4-0|V|i141","Dat_Dec_11_2019_AM.txt","0.071132197","0.016855499",1,6,16,"a",12,1,NA,NA,NA,NA,"n",0
"618","i142_1","0.320741025","0.13307552","d|NSLJU1-4-0|V|i142","Dat_Jan_8_2020_PM.txt","0.065680507","0.017625136",1,5,2,"a",12,3,NA,NA,NA,NA,"y",0
"619","i142_2","0.377530445","0.120228115","d|NSLJU1-4-0|V|i142","Dat_Jan_13_2020_AM.txt","0.025598734","0.0088752465",1,5,2,"a",12,3,NA,NA,NA,NA,"y",0
"620","i144_1","0.442158095","0.155295","d|NSRIB1-2-40|V|i144","Dat_Jan_16_2020_AM.txt","0.0376043035","0.0192968885",1,1,7,"a",7,2,NA,NA,NA,NA,"n",0
"621","i144_2","0.45255417","0.157299745","d|NSRIB1-2-40|V|i144","Dat_Jan_8_2020_PM.txt","0.0366798865","0.012641421",1,1,7,"a",7,2,NA,NA,NA,NA,"n",0
"622","i145_1","0.21214889","0.104628635","a|SEBRN-1-20|N|i145","Dat_Jan_8_2020_PM.txt","0.028371985","0.0027938525",1,1,8,"a",9,4,NA,NA,NA,NA,"n",0
"623","i145_2","0.36332883","0.109215495","a|SEBRN-1-20|N|i145","Dat_Jan_22_2020_AM.txt","0.022232908","0.0020746835",1,1,8,"a",9,4,NA,NA,NA,NA,"n",0
"624","i146_1","0.658322635","0.241932165","a|SEBRN-1-20|N|i146","Dat_Dec_12_2019_AM.txt","0.061366561","0.0186281875",2,6,20,"a",5,4,NA,NA,NA,NA,"y",0
"625","i146_2","0.2668015","0.13845436","a|SEBRN-1-20|N|i146","Dat_Dec_10_2019_AM.txt","0.056388931","0.015391927",2,6,20,"a",5,4,NA,NA,NA,NA,"y",0
"626","i147_1","0.245296265","0.095240305","a|SEBRN-1-20|N|i147","Dat_Jan_24_2020_PM.txt","0.0905805085","0.0260722175",2,5,5,"a",9,3,NA,NA,NA,NA,"n",0
"627","i147_2","0.30125984","0.08300134","a|SEBRN-1-20|N|i147","Dat_Jan_24_2020_AM.txt","0.062788741","0.020501812",2,5,5,"a",9,3,NA,NA,NA,NA,"n",0
"628","i150_1","0.18896033","0.113122515","d|SEBRN-1-20|N|i150","Dat_Jan_15_2020_PM.txt","0.066818251","0.0058597835",2,3,18,"a",9,3,NA,NA,NA,NA,"y",0
"629","i150_2","0.29643457","0.10373686","d|SEBRN-1-20|N|i150","Dat_Jan_8_2020_AM.txt","0.0655738435","0.0093168415",2,3,18,"a",9,3,NA,NA,NA,NA,"y",0
"630","i151_1","0.27378062","0.127943595","b|SEBRN-1-20|N|i151","Dat_Jan_15_2020_PM.txt","0.093555235","0.011568976",1,2,5,"a",6,2,NA,NA,NA,NA,"n",0
"631","i151_2","0.3247729","0.11721966","b|SEBRN-1-20|N|i151","Dat_Jan_22_2020_AM.txt","0.0450233425","0.004932434",1,2,5,"a",6,2,NA,NA,NA,NA,"n",0
"632","i152_1","0.374503705","0.21372952","e|SEBRN-1-20|N|i152","Dat_Dec_12_2019_PM.txt","0.078693454","0.0183632305",1,5,15,"a",8,3,NA,NA,NA,NA,"y",11
"633","i152_2","0.467030795","0.14985546","e|SEBRN-1-20|N|i152","Dat_Jan_8_2020_PM.txt","0.0795823165","0.006017496",1,5,15,"a",8,3,NA,NA,NA,NA,"y",11
"634","i153_1","0.42110716","0.171878025","a|SMITH1-1-0|Q|i153","Dat_Dec_12_2019_AM.txt","0.0361347175","0.0186155705",1,1,10,"a",11,2,NA,NA,NA,NA,"n",0
"635","i153_2","0.5559","0.205718565","a|SMITH1-1-0|Q|i153","Dat_Jan_8_2020_AM.txt","0.029936383","0.005197391",1,1,10,"a",11,2,NA,NA,NA,NA,"n",0
"636","i157_1","0.38839623","0.129403275","c|SMITH1-1-0|Q|i157","Dat_Jan_23_2020_PM.txt","0.0516838855","0.0351564575",3,6,11,"a",11,2,NA,NA,NA,NA,"y",0
"638","i158_1","0.26650945","0.10001338","e|SMITH1-1-0|Q|i158","Dat_Jan_22_2020_PM.txt","0.0165086335","-0.003886849",4,1,14,"a",9,3,NA,NA,NA,NA,"n",0
"639","i159_1","0.41040281","0.12929669","e|SMITH1-1-0|Q|i159","Dat_Jan_8_2020_AM.txt","0.0595769845","0.0118276245",1,2,15,"a",6,2,NA,NA,NA,NA,"n",0
"640","i159_2","0.3706649","0.14568815","e|SMITH1-1-0|Q|i159","Dat_Dec_10_2019_AM.txt","0.050889835","0.013095633",1,2,15,"a",6,2,NA,NA,NA,NA,"n",0
"641","i160_1","0.31071731","0.12542753","e|SMITH1-1-0|Q|i160","Dat_Jan_22_2020_PM.txt","0.0317496625","0.0098467555",2,5,9,"a",9,3,NA,NA,NA,NA,"n",0
"642","i161_1","0.58184029","0.122180185","b|WSSWM3-3-80|V|i161","Dat_Jan_22_2020_PM.txt","0.0806252485","0.010244191",4,1,1,"a",11,3,NA,NA,NA,NA,"y",0
"643","i161_2","0.634145165","0.17491611","b|WSSWM3-3-80|V|i161","Dat_Jan_24_2020_AM.txt","0.102491266","0.017751306",4,1,1,"a",11,3,NA,NA,NA,NA,"y",0
"644","i163_2","0.43041779","0.14032145","e|WSSWM3-3-80|V|i163","Dat_Jan_22_2020_AM.txt","0.065253853","0.013183952",1,3,1,"a",8.5,3,NA,NA,NA,NA,"y",0
"645","i163_2","0.43041779","0.14032145","e|WSSWM3-3-80|V|i163","Dat_Jan_22_2020_AM.txt","0.065253853","0.013183952",1,2,1,"a",8,3,NA,NA,NA,NA,"y",0
"646","pool-Dat_Dec_10_2019_AM.txt","0.7833688075","0.3865734975","pool","Dat_Dec_10_2019_AM.txt","0.03864130975","0.02907190925",NA,NA,NA,NA,NA,NA,NA,NA,NA,NA,"n",0
"647","pool-Dat_Dec_10_2019_PM.txt","0.82168177","0.37391632","pool","Dat_Dec_10_2019_PM.txt","0.0534616105","0.041155841",NA,NA,NA,NA,NA,NA,NA,NA,NA,NA,"n",0
"648","pool-Dat_Dec_11_2019_AM.txt","0.6562673575","0.3266644825","pool","Dat_Dec_11_2019_AM.txt","0.03982645975","0.032109452",NA,NA,NA,NA,NA,NA,NA,NA,NA,NA,"n",0
"649","pool-Dat_Dec_11_2019_PM.txt","0.5100826425","0.29638487","pool","Dat_Dec_11_2019_PM.txt","0.04653440875","0.042745583",NA,NA,NA,NA,NA,NA,NA,NA,NA,NA,"n",0
"650","pool-Dat_Dec_12_2019_AM.txt","0.811926175","0.4288870325","pool","Dat_Dec_12_2019_AM.txt","0.033681457","0.046581151",NA,NA,NA,NA,NA,NA,NA,NA,NA,NA,"n",0
"651","pool-Dat_Dec_12_2019_PM.txt","0.848709135","0.43346381","pool","Dat_Dec_12_2019_PM.txt","0.043138954","0.036651572",NA,NA,NA,NA,NA,NA,NA,NA,NA,NA,"n",0
"654","pool-Dat_Dec_9_2019.txt","0.7978539525","0.407578155","pool","Dat_Dec_9_2019.txt","0.03110375575","0.03302103025",NA,NA,NA,NA,NA,NA,NA,NA,NA,NA,"n",0
"655","pool-Dat_Jan_10_2020_AM.txt","0.8484414225","0.398226245","pool","Dat_Jan_10_2020_AM.txt","0.02852012875","0.03598602525",NA,NA,NA,NA,NA,NA,NA,NA,NA,NA,"n",0
"656","pool-Dat_Jan_13_2020_AM.txt","0.8962037425","0.4269274525","pool","Dat_Jan_13_2020_AM.txt","0.04256415625","0.04204218525",NA,NA,NA,NA,NA,NA,NA,NA,NA,NA,"n",0
"657","pool-Dat_Jan_14_2020_AM.txt","0.851785365","0.40113151","pool","Dat_Jan_14_2020_AM.txt","0.033397021","0.02623939275",NA,NA,NA,NA,NA,NA,NA,NA,NA,NA,"n",0
"658","pool-Dat_Jan_15_2020_AM.txt","0.8769659325","0.4088874225","pool","Dat_Jan_15_2020_AM.txt","0.02502393625","0.028450522",NA,NA,NA,NA,NA,NA,NA,NA,NA,NA,"n",0
"659","pool-Dat_Jan_15_2020_PM.txt","0.798533365","0.3603680875","pool","Dat_Jan_15_2020_PM.txt","0.0427715575","0.02879433525",NA,NA,NA,NA,NA,NA,NA,NA,NA,NA,"n",0
"660","pool-Dat_Jan_16_2020_AM.txt","0.9398692875","0.46294208","pool","Dat_Jan_16_2020_AM.txt","0.0384576115","0.0280909375",NA,NA,NA,NA,NA,NA,NA,NA,NA,NA,"n",0
"661","pool-Dat_Jan_16_2020_PM.txt","0.9349219225","0.4402793875","pool","Dat_Jan_16_2020_PM.txt","0.025077268","0.029485116",NA,NA,NA,NA,NA,NA,NA,NA,NA,NA,"n",0
"662","pool-Dat_Jan_17_2020_AM.txt","0.9870073525","0.43680344","pool","Dat_Jan_17_2020_AM.txt","0.04667662675","0.0432565715",NA,NA,NA,NA,NA,NA,NA,NA,NA,NA,"n",0
"663","pool-Dat_Jan_17_2020_PM.txt","0.696904125","0.3192748275","pool","Dat_Jan_17_2020_PM.txt","0.0006513265","0.0222240325",NA,NA,NA,NA,NA,NA,NA,NA,NA,NA,"n",0
"664","pool-Dat_Jan_20_2020_AM.txt","0.75404279","0.379724175","pool","Dat_Jan_20_2020_AM.txt","0.02709794875","0.02976269",NA,NA,NA,NA,NA,NA,NA,NA,NA,NA,"n",0
"665","pool-Dat_Jan_21_2020_AM.txt","0.9186569175","0.51293128","pool","Dat_Jan_21_2020_AM.txt","0.02920751575","0.02784175175",NA,NA,NA,NA,NA,NA,NA,NA,NA,NA,"n",0
"666","pool-Dat_Jan_22_2020_AM.txt","0.7600581525","0.351669165","pool","Dat_Jan_22_2020_AM.txt","0.01758119425","0.02528050075",NA,NA,NA,NA,NA,NA,NA,NA,NA,NA,"n",0
"667","pool-Dat_Jan_22_2020_PM.txt","0.8080151725","0.4059976925","pool","Dat_Jan_22_2020_PM.txt","0.0279808855","0.027554715",NA,NA,NA,NA,NA,NA,NA,NA,NA,NA,"n",0
"668","pool-Dat_Jan_23_2020_AM.txt","0.88902181","0.4107430925","pool","Dat_Jan_23_2020_AM.txt","0.018914488","0.02069422125",NA,NA,NA,NA,NA,NA,NA,NA,NA,NA,"n",0
"669","pool-Dat_Jan_23_2020_PM.txt","0.7972211775","0.324289365","pool","Dat_Jan_23_2020_PM.txt","0.01285244575","0.03218830825",NA,NA,NA,NA,NA,NA,NA,NA,NA,NA,"n",0
"670","pool-Dat_Jan_24_2020_AM.txt","0.87261767","0.3830988875","pool","Dat_Jan_24_2020_AM.txt","0.0215099665","0.037383358",NA,NA,NA,NA,NA,NA,NA,NA,NA,NA,"n",0
"671","pool-Dat_Jan_24_2020_PM.txt","0.7491761425","0.340358395","pool","Dat_Jan_24_2020_PM.txt","0.04837139125","0.03288224325",NA,NA,NA,NA,NA,NA,NA,NA,NA,NA,"n",0
"672","pool-Dat_Jan_27_2020_AM.txt","0.880333805","0.387614965","pool","Dat_Jan_27_2020_AM.txt","0.02820013825","0.03425749625",NA,NA,NA,NA,NA,NA,NA,NA,NA,NA,"n",0
"673","pool-Dat_Jan_8_2020_AM.txt","0.8046870475","0.3778469","pool","Dat_Jan_8_2020_AM.txt","0.0335510905","0.04411137325",NA,NA,NA,NA,NA,NA,NA,NA,NA,NA,"n",0
"674","pool-Dat_Jan_8_2020_PM.txt","0.80753735","0.3977594725","pool","Dat_Jan_8_2020_PM.txt","0.05246015875","0.032500579",NA,NA,NA,NA,NA,NA,NA,NA,NA,NA,"n",0
"675","pool-Dat_Jan_9_2020_AM.txt","1.207397245","0.4510686525","pool","Dat_Jan_9_2020_AM.txt","0.04472112925","0.03379697575",NA,NA,NA,NA,NA,NA,NA,NA,NA,NA,"n",0
