"","Genotype","RGR1","RGR2","RGR3","RGR4"
"1","a|BWPEM1-9-0|Q|1",6.99306847390373e-07,1.88677157667538e-07,-3.23506965963217e-07,-5.49755456995925e-08
"2","a|BWPEM1-9-0|Q|2",1.04825567054306e-06,9.40197424415546e-08,-2.89308693622678e-08,-1.35739369132037e-07
"3","a|BWPEM1-9-0|Q|3",8.7592767710112e-07,3.11009828159577e-07,-6.7023776291711e-07,4.33240202978571e-08
"4","a|CBMCK1-1-0|N|34",1.09586778792961e-06,7.75484689094485e-08,-2.48095657900302e-08,1.28996991716614e-07
"5","a|CBMCK1-1-0|N|35",3.59219851100652e-07,1.22377326939027e-07,-4.49012596646321e-08,6.74582754992005e-08
"6","a|CBMCK1-1-0|N|36",1.89563242293417e-06,9.34569512725319e-07,1.01904895705449e-07,-1.6504307675736e-08
"7","a|CRSOSO-3-40|Q|55",8.69897882503635e-07,2.10197675333163e-07,-1.17903748546343e-07,-5.47561573075604e-08
"8","a|CRSOSO-3-40|Q|56",1.33568311845207e-06,-1.14124857798424e-08,-7.28142039850936e-08,-2.47446985224815e-07
"9","a|CRSOSO-3-40|Q|57",5.73278853070145e-07,2.64249216977037e-08,8.47688394868509e-08,8.62862981630249e-08
"10","a|CRSOSO-3-40|Q|58",5.29977776341279e-07,1.52550277418036e-07,1.3871367559508e-08,1.58605736924543e-09
"11","a|CWRIC2-X2|Q|100",5.30732949868526e-07,3.14077092864328e-07,-2.69297298389821e-09,3.76202106887619e-08
"12","a|CWRIC2-X2|Q|79",1.03654983704993e-06,2.33098062855451e-07,-1.10489774084901e-07,-3.20867661148884e-07
"13","a|CWRIC2-X2|Q|80",9.41348843068452e-07,5.44355868639568e-07,1.46288648965078e-08,-1.49988356260115e-07
"14","a|CWRIC2-X2|Q|81",7.04073764584755e-07,-1.2710944968654e-07,-6.40298624166884e-08,1.06313093225856e-07
"15","a|CWRIC2-X2|Q|82",3.06547875020373e-07,8.15605825373821e-08,-6.83576315542725e-08,1.81415338918565e-07
"16","a|CWRIC2-X2|Q|83",1.34416619327326e-06,-1.11243041957525e-07,-1.11825626178694e-07,1.10171612230468e-07
"17","a|CWRIC2-X2|Q|84",2.48400161820181e-06,4.93474036188179e-07,1.18145206638311e-08,2.93819918024379e-08
"18","a|CWRIC2-X2|Q|99",9.80440399497287e-07,-9.51380696654131e-08,-1.09204633118853e-07,2.04065098565248e-07
"19","a|DVGM-20|Q|102",6.54835401692497e-07,5.15371109861534e-08,3.62713820852482e-08,7.98978774539847e-08
"20","a|DVGM-20|Q|103",7.55738149517032e-07,3.15188271390229e-08,3.86427905485298e-08,-4.29196701818762e-08
"21","a|DVGM-20|Q|104",6.44049833076133e-07,3.52504206331187e-07,-5.13019377311274e-08,5.40890502492026e-08
"22","a|DVGM-20|Q|105",1.12998801492075e-06,3.46567802010009e-07,8.30319702336008e-08,-8.26692522511505e-08
"23","a|DVGM-20|Q|106",4.63848404216131e-07,-4.86206817591963e-08,-4.32039519855312e-09,1.14915619146607e-07
"24","a|DVGM-20|Q|107",1.03672721049378e-06,2.74908924158138e-07,-5.40306293452505e-07,9.15153825350128e-08
"25","a|DVGM-20|Q|108",8.01565628741921e-07,1.31460648808484e-07,2.08471200897858e-08,-7.0081339883955e-09
"26","a|DVGM-20|Q|109",6.50198188712467e-07,-7.19906838792629e-08,-2.66593043474096e-08,3.56346397600368e-08
"27","a|DVGM-20|Q|110",6.57301895953059e-07,1.26767354698712e-08,6.05290788569769e-08,2.14907623374919e-08
"28","a|JARI1-1-80|Q|158",1.0181953953589e-06,-8.31316304122724e-09,-9.30264059004675e-08,9.5201603551521e-08
"29","a|JARI1-1-80|Q|159",1.13704122687408e-06,-6.8308477243828e-08,2.05257366793973e-08,1.03208187339757e-07
"30","a|JARI1-1-80|Q|160",3.61265283951492e-07,2.02040108887623e-07,1.72785856680872e-07,-1.5469200709853e-08
"31","a|JARI1-1-80|Q|161",7.64908743745466e-07,1.64511307159341e-07,-8.16775434445084e-09,1.6722360905718e-07
"32","a|JARI1-1-80|Q|162",1.06342541058603e-06,7.24551103460745e-08,-4.50087582597263e-08,6.99477281916821e-08
"33","a|JARI1-1-80|Q|163",1.04605043263313e-06,3.57751694215923e-07,5.77639166430704e-08,4.69200184574727e-08
"34","a|JBBLB2-1-20|Q|194",9.40706940766221e-07,1.75507020725996e-07,1.74174426875331e-08,-2.17112152003974e-07
"35","a|JBBLB2-1-20|Q|195",5.67141637591414e-07,3.01725779112876e-07,-4.55916616730808e-08,-9.96078518303315e-09
"36","a|JBBLB2-1-20|Q|198",5.17448512008626e-07,8.23724008387449e-08,1.24863053637666e-08,-1.99264657410414e-07
"37","a|JBBLB2-1-20|Q|199",1.16408423168643e-06,6.92561573227057e-08,1.23208727877071e-07,-5.16245216327161e-08
"38","a|JWBOY-2-80|Q|251",4.56888341822462e-07,-8.75318273730376e-08,3.86613591189169e-09,2.70418396862147e-08
"39","a|JWBOY-2-80|Q|257",1.0873211819245e-06,6.84494910347048e-08,-8.16987831500127e-09,2.39198542182123e-08
"40","a|KVEDG1-1-80|Q|272",6.32871839175737e-07,-7.17711151261087e-08,-4.62837405236483e-08,-4.74205213404917e-09
"41","a|KVEDG1-1-80|Q|273",5.1755745347686e-07,1.03320584538888e-07,9.60885424309916e-08,-1.86737415075495e-08
"42","a|KVEDG1-1-80|Q|274",NA,NA,NA,NA
"43","a|KVEDG1-1-80|Q|275",6.3534118887971e-07,2.38569590638385e-07,-6.35026215001604e-09,-2.88528570172579e-08
"44","a|KVEDG1-1-80|Q|276",4.56923995059317e-07,1.0322974213084e-07,3.29851469007431e-07,-1.1921382000451e-07
"45","a|KVEDG1-1-80|Q|277",5.26136042782196e-07,1.63235606581177e-07,-4.77033118444005e-08,-1.83334458563987e-08
"46","a|LGESC1-3-60|V|i123",1.51536898507189e-06,-3.48470927727704e-08,-6.1061921207915e-08,-2.78470849522422e-08
"47","a|MAVBEL2-1-20|N|304",4.72474845612478e-07,5.108224891604e-08,-4.29437466599363e-08,6.43192754661384e-08
"48","a|MAVBEL2-1-20|N|305",7.51888526556778e-07,-6.84147076226842e-08,3.00868206332411e-08,-6.1995410047592e-08
"49","a|MAVBEL2-1-20|N|306",1.38360219564472e-06,4.95573075957719e-07,-3.00943336297075e-07,-5.85307279938215e-09
"50","a|MAVBEL2-1-20|N|307",4.06716954611057e-07,2.10056489284148e-07,-9.22568559336521e-09,-4.71348791916287e-08
"51","a|MAVBEL2-1-20|N|308",1.13146437469748e-06,-9.22721892892022e-09,-6.07315854308773e-09,-3.60123510505188e-08
"52","a|MAVBEL2-1-20|N|309",3.65932532909025e-07,1.15808535893091e-07,7.26628985658514e-08,-1.35622814730737e-08
"53","a|MAVELK-1-20|N|i125",1.0355006211612e-06,2.37843271373888e-07,7.28541546609959e-09,-3.21468511537564e-08
"54","a|MAVELK-1-20|N|i126",9.09191161271474e-07,-7.33118402616109e-11,2.22545914577781e-08,4.47229908824733e-08
"55","a|MAVELK-1-20|N|i127",1.23127641575207e-06,-7.81346464456246e-08,-9.00126385009376e-08,-5.808910382035e-08
"56","a|MHBUR1-4-20|Q|334",5.12860749751317e-07,2.70837033033189e-08,-4.87473906461083e-09,-1.53499459809384e-07
"57","a|MHBUR1-4-20|Q|337",1.18983137029726e-06,2.73766003770199e-07,-2.53042112403431e-07,-5.52238855935003e-08
"58","a|MHBUR1-4-20|Q|338",1.31823584742297e-06,4.82279013770112e-07,1.26857538201542e-07,9.13017296049426e-09
"59","a|MSMID1-1-20|Q|366",5.26543480888741e-07,7.62477734223732e-09,6.02248976341368e-08,-5.51771987469966e-08
"60","a|MSMID1-1-20|Q|367",NA,NA,NA,1.68709095057752e-08
"61","a|MSMID1-1-20|Q|368",3.2121008522061e-07,5.1695009256655e-08,1.04095541498892e-07,-7.71301553900242e-08
"62","a|MSMID1-1-20|Q|369",5.66276366044844e-07,2.93572586999025e-07,3.40554110150474e-08,7.4569014939212e-08
"63","a|MSMID1-1-20|Q|370",8.39365286478266e-07,-8.54575949926439e-08,-1.15557709591292e-07,1.9526988246251e-08
"64","a|MSMID1-1-20|Q|371",2.32654169401364e-07,1.6129453815556e-07,6.54486522635173e-08,3.63531001126454e-08
"65","a|MSMID1-1-20|Q|372",8.78510810687376e-07,8.72487315540421e-08,4.89257242477724e-08,2.54914064759515e-08
"66","a|MSMID1-1-20|Q|373",5.93014155548051e-07,-8.93985132644707e-08,1.05890078723504e-07,1.13461733090763e-07
"67","a|MSMID1-1-20|Q|375",9.92072697200957e-07,2.73534624987537e-07,1.08502470381046e-07,-5.98155544033926e-08
"68","a|NSLJU1-4-0|V|i137",1.66941726792572e-06,4.05239878091555e-07,-8.53421995449764e-08,-2.20526584501722e-08
"69","a|NSLJU1-4-0|V|i138",1.31709125014893e-06,-1.24641255734652e-07,-1.68679176016551e-07,-1.70490435841845e-08
"70","a|NSLJU1-4-0|V|i139",2.09957788936732e-06,1.0205902158361e-07,5.7429837436642e-08,-8.85576740534791e-08
"71","a|PDVRT1-20|Q|398",7.06944371883883e-07,3.79445816455578e-07,-7.62540811253169e-08,1.15021367630589e-08
"72","a|PDVRT1-20|Q|399",1.92393960019199e-07,2.89752658788063e-07,-6.50336215272651e-08,4.72494556104048e-08
"73","a|PDVRT1-20|Q|401",7.06575351722562e-07,6.19457292563825e-08,1.64777706793871e-09,-2.33535955086756e-09
"74","a|PDVRT1-20|Q|402",5.30903349974969e-07,6.65426876468664e-08,2.93484506140332e-08,-2.90004378905416e-08
"75","a|PDVRT1-20|Q|403",6.55278731750697e-07,4.02955840256292e-07,-4.78528406955142e-08,-6.70136508455036e-08
"76","a|RULEB1-20|N|421",1.21116303029552e-06,1.78762485795888e-07,1.24829034379858e-07,-8.4964552986197e-08
"77","a|SEBRN-1-20|N|i145",1.18479303774115e-06,7.76890306293379e-07,-1.2263513262049e-07,-1.52809991062245e-09
"78","a|SEBRN-1-20|N|i146",1.59223171860087e-06,4.03151650301701e-07,-5.66566099214971e-08,2.54208460843754e-08
"79","a|SEBRN-1-20|N|i147",2.09721363279646e-06,7.32681013185167e-08,-4.01251691844204e-08,-4.39949015065206e-08
"80","a|SMAKC1-B|N|431",1.01970194056838e-06,-2.63620763477518e-09,-2.35547635671323e-07,-5.6820289548809e-08
"81","a|SMAKC1-B|N|432",8.23468243518377e-07,-9.12180814120323e-08,3.50443396120988e-08,-7.58808022449284e-09
"82","a|SMAKC1-B|N|433",6.10121360214395e-07,-1.9564684285836e-07,4.30373387364516e-08,-3.68894756030883e-08
"83","a|SMAKC1-B|N|434",4.95163513278137e-07,3.77854504399726e-08,-1.0384676821512e-07,-2.63788827981473e-08
"84","a|SMITH1-1-0|Q|i153",1.25923006216554e-06,7.13671510542047e-07,1.35582813443054e-07,-2.24976598088449e-07
"85","a|SMITH1-1-0|Q|i154",NA,NA,NA,NA
"86","a|SMITH1-1-0|Q|i155",NA,NA,NA,NA
"87","a|SMITH1-20|Q|449",8.84383096866062e-07,1.17004821275508e-07,2.48541601858754e-08,5.37251559207471e-08
"88","a|SMITH1-20|Q|450",8.18133662203278e-07,4.01588174700783e-07,-1.04938831988512e-08,-3.37079639720701e-09
"89","a|SMITH1-20|Q|451",NA,3.93967464679731e-07,-6.10730400578685e-08,2.92957523044557e-08
"90","a|SMITH1-20|Q|452",7.00145527189309e-07,-4.2200407253662e-08,-2.98901356565692e-08,-9.19461174672681e-08
"91","a|SMITH1-20|Q|453",4.24447333673102e-07,1.96786011661574e-07,3.39716044685435e-09,-3.84683067766941e-09
"92","a|SMITH1-20|Q|454",6.98429940195996e-07,2.31624237336607e-08,-9.28873037341312e-10,-1.78462030228394e-07
"93","a|SMITH1-20|Q|455",3.30693940950212e-07,-2.1895908226067e-08,-2.81490070316537e-08,2.95137723423771e-08
"94","a|SMITH1-20|Q|456",5.05880622869358e-07,3.67946189122349e-07,3.3562692567415e-08,4.23408207871831e-08
"95","a|SMITH1-20|Q|457",6.3848292839226e-07,4.31461253731289e-08,5.82528442357068e-08,5.83002664843929e-08
"96","a|SMITH1-20|Q|48",7.633275005358e-07,-3.51811068931504e-08,3.61334485854466e-08,-4.2781438646597e-09
"97","a|VRCAN-1-40|Q|489",1.05505980173791e-06,2.23201808410444e-07,-5.13683598638504e-08,1.65804249337277e-08
"98","a|VRPET2-3-20|Q|505",6.21382396470793e-07,1.30865768500438e-07,-1.01435962722735e-07,-4.01988523117478e-09
"99","a|VRPET2-3-20|Q|507",4.18614189429281e-07,-1.94239891183745e-07,-7.69182689332023e-08,-3.20361499599944e-08
"100","a|VRPET2-3-20|Q|508",6.73711618664683e-07,1.57968699743088e-07,6.344797286662e-08,-1.87158345473066e-07
"101","a|VSGARO1-1-0|Q|531",4.50996128717817e-07,7.79552091622948e-08,-4.2127357357388e-08,3.6882489328079e-08
"102","a|VSGARO1-1-0|Q|533",9.06097465453035e-07,1.38744104416572e-08,1.22861640102275e-07,-3.29122198693522e-09
"103","a|VSGARO1-1-0|Q|534",4.82512904034636e-07,3.61239763041651e-07,-8.44458500500446e-08,-3.62530959302158e-08
"104","a|WSSWM3-1-0|Q|549",3.39896949911434e-07,3.31763934572236e-07,-1.27843323315866e-07,-2.43628032461149e-09
"105","a|WSSWM3-1-0|Q|550",1.0164251069158e-06,-6.78699073102873e-08,1.73428915718461e-07,-5.75411742293832e-08
"106","a|WSSWM3-1-0|Q|551",1.06948588026481e-06,1.16640268717159e-07,-8.50417089444067e-08,-1.1306668064716e-08
"107","a|WSSWM3-1-0|Q|552",8.42142531076097e-07,8.90399569176695e-07,1.31988209934961e-07,2.02515314259576e-08
"108","a|WSSWM3-1-0|Q|553",8.72318011921506e-07,2.69199530225084e-07,-4.87341858432044e-08,-1.14895721232563e-07
"109","a|WSSWM3-1-0|Q|554",1.1426261303619e-06,1.49654016092862e-07,-3.15104059793147e-08,NA
"110","a|WSSWM3-1-0|Q|555",1.35481921204614e-06,2.38621103141382e-07,1.78285222136934e-07,7.02133071225307e-08
"111","a|WSSWM3-1-0|Q|556",1.15362076263245e-06,1.70427111119458e-07,4.54818320616697e-08,1.07837309424617e-07
"112","a|WSSWM3-1-0|Q|558",1.2128496127217e-06,4.94474784326216e-07,-2.74353630929209e-07,5.79632504896266e-08
"113","a|WSSWM3-1-0|Q|559",1.6078768269212e-06,1.37942568113883e-07,-1.49070371393838e-08,-7.83786864095021e-08
"114","b|BWPEM1-9-0|Q|4",6.77109609032064e-07,-8.15949311745227e-08,1.22547802443441e-07,1.89695647334437e-08
"115","b|BWPEM1-9-0|Q|5",5.67569613183183e-07,-4.08852642740963e-08,2.66951025607448e-08,3.14581303548255e-08
"116","b|BWPEM1-9-0|Q|6",7.99434751585629e-07,-6.49576855190797e-08,4.67957304332602e-08,-2.23906435369535e-07
"117","b|BWPEM1-9-0|Q|7",1.15800927925458e-06,3.99333513366152e-07,-9.21177090681076e-08,1.98922681926033e-08
"118","b|BWPEM1-9-0|Q|8",9.643097868454e-07,1.54703136413541e-07,-7.96009030752212e-08,-4.3530103787344e-07
"119","b|CBMCK1-1-0|N|37",4.74546670329445e-07,1.67699156801974e-07,-1.16932763990961e-08,9.59615523338091e-09
"120","b|CBMCK1-1-0|N|38",5.58522618936172e-07,2.33334389492131e-07,1.46383422947103e-07,7.82674910654414e-08
"121","b|CBMCK1-1-0|N|39",8.91107049158903e-07,1.48830560188765e-07,-3.29544225621264e-08,-4.50420878054483e-09
"122","b|CBMCK1-1-0|N|40",7.07706326241415e-07,-1.1702706375199e-08,1.42983038381717e-07,-1.02562588665531e-08
"123","b|CBMCK1-2-80|N|i108",9.18557199356892e-07,6.07652939716417e-07,9.40723946497359e-08,3.56444867168852e-07
"124","b|CRSOSO-3-40|Q|69",4.10428133517897e-07,-6.18721638089094e-08,9.97767977340206e-08,-2.15191301439155e-08
"125","b|CRSOSO-3-40|Q|70",4.76155622226165e-07,1.94679814434354e-07,-1.23070635555164e-07,-7.70540872276097e-08
"126","b|CRSOSO-3-40|Q|71",8.54742891317399e-07,-2.07122863436467e-09,5.61576918610522e-08,-2.81709116563625e-07
"127","b|CRSOSO-3-40|Q|72",8.19882834301714e-07,2.63841697194407e-07,6.04980420273782e-08,-1.25308256553498e-07
"128","b|CRSOSO-3-40|Q|73",7.54779211623685e-07,1.43996784645723e-07,-6.96251488466672e-07,8.32552962959237e-08
"129","b|CRSOSO-3-40|Q|74",6.58729663664244e-07,1.55643968872473e-07,-7.97808914549356e-08,-9.96387700639691e-09
"130","b|CRSOSO-3-40|Q|75",1.11642561912072e-06,1.98227032408158e-07,-1.1515313863675e-07,-3.17442986095415e-08
"131","b|CRSOSO-3-40|Q|76",6.91538453483304e-07,-8.1795553012604e-08,7.60784321232067e-08,2.82982376889731e-09
"132","b|CRSOSO-3-40|Q|77",5.91174486395691e-07,1.6137137020019e-06,5.7903621546451e-07,2.21604125906823e-08
"133","b|CRSOSO-3-40|Q|78",8.95844103453763e-07,1.66943536662515e-08,-4.45319109077758e-08,1.26762536899741e-07
"134","b|CWRIC2-X2|Q|85",3.85796343168414e-07,2.85627796629138e-07,1.71172683695009e-07,-6.04738780251706e-09
"135","b|CWRIC2-X2|Q|86",8.58307985922969e-07,3.7944325226783e-07,3.13197541519882e-09,-4.95058595081477e-10
"136","b|CWRIC2-X2|Q|87",9.15949244222528e-07,1.03288736912274e-07,-9.87128966621329e-08,7.18338522350157e-08
"137","b|CWRIC2-X2|Q|88",1.24761444137008e-06,3.37011689747063e-07,7.38272229524479e-08,-8.9220055020626e-09
"138","b|CWRIC2-X2|Q|89",7.81022968392783e-07,-7.33030812694281e-08,2.48922414462869e-08,-2.80354634863929e-07
"139","b|DVGM-20|Q|111",8.71023494221687e-07,3.82498161570838e-07,-1.1248193245167e-07,5.30486718494308e-08
"140","b|DVGM-20|Q|112",8.7195145480108e-07,3.88236981738072e-07,5.16336339778083e-08,-8.39325823205797e-08
"141","b|DVGM-20|Q|113",1.95785378299777e-06,9.47389293572413e-07,-1.10361049561293e-07,-1.519674869942e-07
"142","b|DVGM-20|Q|114",1.13948429915179e-06,8.85099007323446e-07,-1.53099690825248e-07,-3.24262148568917e-08
"143","b|DVGM-20|Q|117",NA,NA,NA,NA
"144","b|EFCC2-4-80|Q|138",6.29118665512849e-07,4.50236832185038e-08,-1.32096117936105e-07,-1.09258516517041e-07
"145","b|EFCC2-4-80|Q|139",1.10110750550992e-06,-3.28443371780282e-08,-2.01136067380633e-08,-4.00650308913874e-08
"146","b|EFCC2-4-80|Q|140",1.62016199326486e-06,1.96997550596008e-07,-2.51122456881093e-08,-1.38463274225907e-08
"147","b|EFCC2-4-80|Q|141",7.06206402277642e-07,-8.37249333958773e-08,-1.06528909371381e-07,3.07331770474469e-08
"148","b|EFCC2-4-80|Q|142",1.55804484875318e-06,3.23621338460177e-08,-6.84909300717054e-08,6.54133180111863e-08
"149","b|EFCC2-4-80|Q|143",4.8530192519763e-07,-3.60282663301358e-07,6.32015266937997e-08,-3.64911457802543e-07
"150","b|EFCC2-4-80|Q|144",NA,NA,NA,-2.11363546936401e-07
"151","b|EFCC2-4-80|Q|145",1.20511926531565e-06,3.41406196930452e-07,NA,NA
"152","b|JARI1-1-80|Q|164",5.22063820291234e-07,2.2348554900196e-08,-4.62547416820185e-07,9.39195253740726e-08
"153","b|JARI1-1-80|Q|165",8.33388941713784e-07,1.09302865122985e-07,8.97782823092515e-08,-3.44965866409899e-08
"154","b|JARI1-1-80|Q|166",1.12466069029769e-06,-3.90462814526496e-07,-5.87384684623041e-09,1.69554119992826e-07
"155","b|JARI1-1-80|Q|167",7.8575206333887e-07,1.06559728833661e-07,1.59756321300611e-07,3.79221765629535e-08
"156","b|JARI1-1-80|Q|169",1.12268767429804e-06,-1.69966195003699e-07,2.24066156823687e-07,8.91044229236525e-08
"157","b|JARI1-1-80|Q|172",1.21695357783259e-06,2.92867440352295e-07,9.45974828259514e-08,-2.34990474679234e-07
"158","b|JBBLB2-1-20|Q|200",1.62793589895741e-06,4.07370978063673e-07,-1.00296430673821e-07,-2.19713527991502e-07
"159","b|JBBLB2-1-20|Q|202",-8.19908675620304e-08,2.45497811159317e-06,3.93748152458501e-07,1.39918578510288e-08
"160","b|JBBLB2-1-20|Q|203",5.26637591402694e-07,1.36430774245054e-07,-5.33377574217244e-08,4.46316919534117e-08
"161","b|JBBLB2-1-20|Q|204",1.55366187261982e-06,5.3268032334966e-07,2.96627044228504e-07,8.16381672815954e-08
"162","b|JBBLB2-1-20|Q|205",2.591116436941e-06,8.93210874242843e-07,4.4358989803806e-08,1.71318688464143e-07
"163","b|JBBLB2-1-20|Q|206",9.95372875586556e-07,2.23297185517039e-07,-1.92301363934593e-07,1.12575045754638e-07
"164","b|JBCHY1-1-50|Q|223",1.10672416090799e-06,1.33612604087507e-07,-7.72783451008639e-08,7.40925704819973e-08
"165","b|JBCHY1-1-50|Q|224",1.23806043316675e-06,3.05939474847005e-07,3.27698235686893e-08,1.55410522553587e-08
"166","b|JBCHY1-1-50|Q|226",1.03287378321364e-06,7.51807944767565e-08,-3.20149262770256e-07,1.24033162632661e-07
"167","b|JBCHY1-1-50|Q|227",4.03967354178332e-07,4.02541562807982e-08,1.77691538242394e-07,-2.03119829290899e-07
"168","b|JBCHY1-1-50|Q|228",9.49507401981021e-07,-6.50576669407748e-08,1.37469890410347e-07,-1.35212068843301e-08
"169","b|JBCHY1-1-50|Q|242",9.66275720473418e-07,1.66253163676276e-07,-1.81091814453209e-07,6.84223172489009e-08
"170","b|JKFRS1-6-0|V|i121",1.51482433205666e-06,-4.83849526972777e-10,-6.19228288883502e-08,-1.33400614429009e-07
"171","b|KVEDG1-1-80|Q|278",1.7300416088002e-07,-1.37741711493952e-07,-2.51658495401662e-07,2.55996938501184e-07
"172","b|KVEDG1-1-80|Q|279",3.87627796115373e-07,1.73196882467296e-08,1.1611002338168e-07,-2.99114806014215e-08
"173","b|KVEDG1-1-80|Q|280",3.08457547640855e-07,1.10288373473815e-07,-4.95210950618239e-08,-1.56743993919027e-08
"174","b|KVEDG1-1-80|Q|281",4.79606797732126e-07,7.6063951872704e-08,-4.18740187069078e-08,7.76144600946713e-08
"175","b|MAVBEL2-1-20|N|310",5.89269263367336e-07,-7.82878955729144e-08,-3.38546182139545e-08,-3.34419971365309e-08
"176","b|MAVBEL2-1-20|N|311",4.765104597808e-07,-4.07376425713623e-07,1.02052776091563e-07,1.24392215577987e-08
"177","b|MAVBEL2-1-20|N|312",1.17017303146098e-06,4.02420029760329e-07,2.76243753488327e-08,-4.02862646643866e-08
"178","b|MAVBEL2-1-20|N|313",3.6464265225226e-07,7.10012171622095e-09,-2.34011669260396e-09,7.15319101679771e-08
"179","b|MAVBEL2-1-20|N|314",9.30790351984381e-07,1.33656399378382e-07,1.10098530746546e-07,-1.50848221540387e-08
"180","b|MAVBEL2-1-20|N|315",1.66942637934243e-06,7.42947730083679e-08,-1.75676481604491e-08,1.51419658050285e-08
"181","b|MBSGF1-X1|N|i134",1.71605977301352e-06,8.017240164584e-07,-4.66385252631962e-08,2.05744890292061e-08
"182","b|MHBUR1-4-20|Q|342",5.28573202743777e-07,2.01652566955918e-07,-1.17848352104401e-07,3.564682663837e-08
"183","b|MHBUR1-4-20|Q|343",3.62474186339061e-07,1.13419682466018e-07,-8.01155951599688e-08,3.33184538391144e-08
"184","b|MHBUR1-4-20|Q|345",1.53518631838216e-06,3.02965034016474e-07,-2.226564073427e-07,-6.23879407039448e-08
"185","b|MHBUR1-4-20|Q|346",8.14464232986866e-07,-1.08468605928249e-07,8.47368049380753e-08,8.88929679772419e-08
"186","b|MHBUR1-4-20|Q|347",1.03831648856251e-06,-1.54462386686203e-07,3.49623951015627e-08,8.32048779658428e-08
"187","b|MHBUR1-4-20|Q|353",1.39797792089223e-06,1.85478326618797e-07,-3.49873612097986e-08,-8.63025259132515e-08
"188","b|MHBUR1-4-20|Q|354",4.5515254436628e-07,2.66133111118131e-07,8.86446933992756e-07,2.41845152397773e-07
"189","b|MHNAT1-2-0|Q|357",9.96869240974313e-07,1.02657714288243e-07,-2.04835484631188e-09,1.30779752972386e-07
"190","b|MHNAT1-2-0|Q|358",1.63991506934491e-06,1.45139545340301e-07,2.69483461264592e-08,7.93647909720118e-08
"191","b|MHNAT1-2-0|Q|359",8.86406538671034e-07,2.78961927071713e-07,-1.86673827825482e-07,4.45163086781122e-08
"192","b|MHNAT1-2-0|Q|364",1.11470112478287e-06,7.60532629875104e-08,1.78115903616605e-07,1.42269117112549e-08
"193","b|MSMID1-1-20|Q|375",3.9318078709171e-07,2.51081778306576e-07,6.3378151487123e-08,1.06160619048528e-08
"194","b|MSMID1-1-20|Q|377",1.1303111273472e-06,5.50563788992713e-08,5.55029631534263e-08,4.93923994639168e-08
"195","b|MSMID1-1-20|Q|378",1.11525871193564e-06,2.32307259238317e-07,-1.80992147253861e-07,8.36139983142715e-08
"196","b|MSMID1-1-20|Q|379",1.07273085837648e-06,5.89796173818046e-08,-4.47389802688493e-08,5.93793590247517e-08
"197","b|MSMID1-1-20|Q|600",1.61405111076566e-06,2.95348530044503e-07,-4.03796760271956e-08,6.0639878598999e-08
"198","b|NSLJU1-4-0|V|i140",1.41818179447732e-06,1.09951135467281e-08,6.40107786291045e-09,-1.04462405857584e-08
"199","b|PDVRT1-20|Q|404",4.05837060123148e-07,1.31508800611266e-07,9.90067986589558e-08,1.04222673071571e-08
"200","b|PDVRT1-20|Q|405",3.57285301148407e-07,2.82099693853911e-07,-8.03018036299857e-08,-9.17769085385195e-08
"201","b|PDVRT1-20|Q|406",7.84795756391248e-07,5.05176477928434e-07,2.10949621889126e-08,-1.58160297001785e-08
"202","b|PDVRT1-20|Q|407",5.85473535137962e-07,-1.50767981022976e-07,-1.30908046885763e-07,-7.01648286815471e-08
"203","b|PDVRT1-20|Q|408",6.25577151190299e-07,8.90879099037566e-08,4.01243538884168e-08,-2.07018898325957e-08
"204","b|RULEB1-20|N|423",7.6970271355021e-07,2.71711852377676e-07,NA,NA
"205","b|RULEB1-20|N|424",1.11806589109989e-06,8.13718155708864e-08,-1.1029615858814e-07,4.65059688387274e-08
"206","b|SEBRN-1-20|N|i151",1.80814325075224e-06,8.0626101325895e-07,1.04125599280966e-07,-9.07737135279182e-09
"207","b|SMAKC1-B|N|436",8.52302060356893e-07,2.69054947669946e-07,-4.40053007298974e-08,1.10450985408726e-08
"208","b|SMAKC1-B|N|437",7.26602500490463e-07,2.02866299172346e-07,6.54381885350758e-08,-1.20964329904882e-07
"209","b|SMAKC1-B|N|438",1.01890900939213e-06,2.21506240094138e-07,6.97817044267134e-08,-3.32968838784e-08
"210","b|SMAKC1-B|N|439",5.79170220921397e-07,3.16235027392838e-08,-4.25526199842426e-08,9.52132428088925e-09
"211","b|SMAKC1-B|N|440",2.77692833846777e-07,-2.53894290007682e-08,4.36937517558976e-10,2.0307174882299e-08
"212","b|SMAKC1-B|N|444",6.94974841044151e-07,1.20861080107188e-07,-4.97513619931708e-08,-5.41791491467383e-09
"213","b|SMITH1-20|Q|459",1.29365068782081e-06,4.40566610460626e-07,-3.01457431719068e-08,-5.03147399820005e-07
"214","b|SMITH1-20|Q|460",8.54467214549062e-07,1.42764482482902e-07,1.15404325668182e-08,7.23737454843032e-08
"215","b|SMITH1-20|Q|462",7.4244105167693e-07,6.97957424890785e-08,4.68256848761986e-08,-4.71259678960535e-10
"216","b|SMITH1-20|Q|463",9.3735581348312e-07,-5.92729962359354e-08,8.60655134920346e-08,1.96296802445305e-07
"217","b|SMITH1-20|Q|464",6.93106638575903e-07,1.54621854750241e-07,1.23238610109124e-07,-1.3369942966622e-07
"218","b|VRCAN-1-40|Q|481",9.44477819676798e-07,1.11860980761119e-07,-2.25118890985825e-08,3.50560004122138e-08
"219","b|VRCAN-1-40|Q|482",1.26982437404674e-06,5.37790963455481e-07,-3.87283560447092e-08,1.89220170745345e-08
"220","b|VRCAN-1-40|Q|483",1.39151502564394e-06,5.2021185012918e-07,-4.96603232949362e-09,-1.42748343112983e-07
"221","b|VRCAN-1-40|Q|484",1.14788712611873e-06,-1.4758539486995e-07,-1.44313605940361e-08,9.83526911355015e-08
"222","b|VRCAN-1-40|Q|485",1.61115176726591e-06,1.20249164441407e-07,-8.09886785140952e-08,-1.14234802717643e-07
"223","b|VRCAN-1-40|Q|486",1.87559854093606e-06,7.86816522546712e-07,1.76053183433888e-07,-8.46246577350972e-08
"224","b|VRCAN-1-40|Q|487",1.05329353096477e-06,3.81948379350941e-07,-5.85641235773408e-08,-6.67078295569036e-08
"225","b|VRCAN-1-40|Q|488",4.18790590083237e-07,7.67877214038449e-08,9.21095048851766e-08,1.58451779745015e-08
"226","b|VRCAN-1-40|Q|490",7.87100215593969e-07,-6.56244835531291e-08,6.71171729327642e-08,3.34771354590606e-09
"227","b|VRPET2-3-20|Q|509",6.97121459970313e-07,-3.32431134703681e-08,1.77140587246087e-07,4.61039622551013e-08
"228","b|VRPET2-3-20|Q|510",9.29757579164292e-07,9.14347936165493e-08,-2.19083322431765e-07,-9.39388925745019e-08
"229","b|VRPET2-3-20|Q|511",5.5647962110298e-07,3.11834159874779e-07,1.06911690532578e-07,-5.38864679595013e-08
"230","b|VRPET2-3-20|Q|512",1.10926063688337e-06,6.85345389871893e-08,6.31313426048035e-08,-2.2037221504999e-08
"231","b|VRPET2-3-20|Q|513",1.86065846708235e-06,1.52635083497666e-07,5.91994737975871e-08,-6.09754190214077e-09
"232","b|VRPET2-3-20|Q|515",1.08276168577284e-06,3.57239372250773e-07,1.49805680826734e-07,-4.39212801246405e-08
"233","b|VRPET2-3-20|Q|516",1.79241113687057e-06,3.50711945142082e-07,-9.74375822596957e-08,-6.77133250968843e-09
"234","b|WSSWM3-1-0|?",2.21223178118067e-06,5.35059800091954e-07,-2.64147278420814e-08,-8.10088310830702e-08
"235","b|WSSWM3-1-0|Q|557",1.65683189086545e-06,8.11004266928046e-08,-4.84356974501491e-08,-1.64481565797055e-08
"236","b|WSSWM3-1-0|Q|560",1.25056620224467e-06,1.39807656229717e-08,-5.16589130001701e-08,4.0432715351509e-08
"237","b|WSSWM3-1-0|Q|561",5.1802092296904e-07,-3.94355288343089e-08,-3.5774294296856e-07,-2.28773972758293e-07
"238","b|WSSWM3-1-0|Q|569",1.61386540995441e-06,7.84329147079105e-07,-3.62030337434525e-08,-6.18883040760937e-08
"239","b|WSSWM3-3-80|V|i161",1.04334665163931e-06,-5.8688953323195e-08,1.35191844282389e-07,-5.6709903887457e-08
"240","c|BWPEM1-9-0|Q|10",8.98575065326555e-07,3.89511782877902e-08,-3.59029737290214e-08,5.15419931530478e-08
"241","c|BWPEM1-9-0|Q|11",1.07859766843076e-06,-2.41478621325848e-08,4.36055185587717e-08,-4.19507430168073e-08
"242","c|BWPEM1-9-0|Q|12",1.34642283070257e-06,8.86423737580792e-08,1.26070448338843e-07,-8.91501796957012e-08
"243","c|BWPEM1-9-0|Q|13",1.01596684504532e-06,-9.90335737811179e-08,1.11044201062044e-07,-4.16051360574965e-08
"244","c|BWPEM1-9-0|Q|14",8.57895597843453e-07,1.04231116499518e-07,-8.60606675902878e-08,-1.25282271035634e-07
"245","c|BWPEM1-9-0|Q|15",1.06815229657599e-06,2.84868740430237e-07,3.12449262933769e-08,-1.67021994123048e-07
"246","c|BWPEM1-9-0|Q|16",1.12693098510476e-06,2.1825136488781e-08,-7.52553883343498e-07,5.41066097114858e-07
"247","c|BWPEM1-9-0|Q|9",1.1246462212313e-06,2.74921294866043e-07,1.43452333183891e-07,-4.07627063055792e-08
"248","c|CBMCK1-1-0|N|41",6.04152603712338e-07,9.74433736411123e-08,-1.82606699454987e-08,2.61828331244241e-08
"249","c|CBMCK1-1-0|N|42",1.14306461075055e-06,7.8864639532731e-08,NA,NA
"250","c|CBMCK1-1-0|N|43",9.13480558103213e-07,1.40866684835756e-07,-1.56385379639876e-07,1.22426601784473e-07
"251","c|CBMCK1-2-80|N|i111",1.55463888041586e-06,1.11674894039567e-07,-2.91758092319731e-08,-1.68322065508019e-08
"252","c|CWRIC2-X2|Q|90",3.29007136572245e-07,4.22469194559412e-08,-1.65762250556359e-08,2.82080265024095e-07
"253","c|CWRIC2-X2|Q|91",7.49650348316624e-07,3.026518447119e-07,NA,NA
"254","c|CWRIC2-X2|Q|92",1.30942638619469e-06,8.35817981742706e-08,-6.71338433244895e-08,-4.90765463956985e-08
"255","c|CWRIC2-X2|Q|93",6.29592080914399e-07,5.58506972381812e-07,8.98015784502059e-08,-1.01143807066891e-07
"256","c|CWRIC2-X2|Q|94",1.22116075918189e-06,-1.17810493617237e-08,1.37791161994024e-07,-2.89051283947261e-07
"257","c|CWRIC2-X2|Q|95",1.14567787497688e-06,2.23405885979423e-07,-3.86691307052852e-09,-9.22064187981335e-10
"258","c|DSGAR1-3-60|V|i119",1.82204232040297e-06,2.66659887677397e-07,-4.71850119781639e-08,4.71676404580336e-08
"259","c|DVGM-20|Q|115",5.54292280349804e-07,1.34889710290935e-07,-6.30186491283268e-08,7.70160271184507e-08
"260","c|DVGM-20|Q|119",1.72101500070976e-06,2.69017099039018e-07,-9.74161562678505e-08,-1.48526665790055e-07
"261","c|EFCC2-4-80|Q|146",6.7331700810464e-07,1.02426438303627e-07,-8.477140871513e-09,-3.62199287542079e-08
"262","c|EFCC2-4-80|Q|147",NA,NA,NA,3.05319420895155e-08
"263","c|EFCC2-4-80|Q|148",6.91920172016092e-07,-9.82589606842504e-08,-8.37215517884229e-08,-3.10196346542388e-08
"264","c|EFCC2-4-80|Q|149",8.37675013782416e-07,-2.49087322022038e-07,2.64387226531534e-07,1.6515708622138e-08
"265","c|EFCC2-4-80|Q|150",1.72972083164326e-06,-1.65230492939048e-07,-3.99715944946082e-07,-1.08529985541619e-07
"266","c|EFCC2-4-80|Q|151",1.33345130517224e-06,2.83194892971258e-07,-8.8927834237034e-08,-2.00904601879135e-08
"267","c|EFCC2-4-80|Q|152",1.30326229606579e-06,5.18460563553097e-07,-1.42052178946538e-07,2.80546945070821e-08
"268","c|JARI1-1-80|Q|173",1.19459621979736e-06,2.18877585047816e-07,6.39107663075941e-08,5.86541358161436e-09
"269","c|JARI1-1-80|Q|175",1.19675078670234e-06,1.53877362016008e-08,-1.08974827307598e-07,-7.7037056349095e-08
"270","c|JARI1-1-80|Q|176",5.43248972420164e-07,-6.15432311333609e-08,2.46319453594621e-07,6.33872715523424e-08
"271","c|JARI1-1-80|Q|177",7.67473102667044e-07,8.63350161905413e-08,-1.0071012097676e-07,-1.93781872957062e-08
"272","c|JBBLB2-1-20|Q|207",1.20818613571787e-06,7.53189262066451e-08,-3.28841599746355e-07,6.02528467029271e-08
"273","c|JBBLB2-1-20|Q|208",7.67518023913121e-07,1.76845641054669e-07,2.49874679302451e-08,-6.66278114217147e-08
"274","c|JBBLB2-1-20|Q|209",-1.47117690730805e-08,3.58178706309254e-07,-1.96043903965319e-08,1.56758470282577e-08
"275","c|JBBLB2-1-20|Q|210",4.66072453599666e-07,2.43890259126147e-07,NA,NA
"276","c|JBCHY1-1-50|Q|225",1.0002011491768e-06,5.32897403768287e-07,1.44589407047772e-07,-6.67557943426324e-08
"277","c|JBCHY1-1-50|Q|229",6.65962961324208e-07,-8.1874455805996e-09,1.21049821676866e-07,-7.18892523427904e-08
"278","c|JBCHY1-1-50|Q|230",9.1426908691325e-07,4.18970624379357e-07,-2.3689629127835e-08,-4.80249537344961e-08
"279","c|JBCHY1-1-50|Q|231",1.43768743257162e-06,2.19399964928587e-07,-2.12616747039348e-07,1.10100766715025e-07
"280","c|JBCHY1-1-50|Q|232",1.37372827989069e-06,3.37770239868774e-07,-1.47208371430168e-07,2.11602401334983e-08
"281","c|JBCHY1-1-50|Q|233",9.95987114519441e-07,-6.96472887867951e-08,4.06463880922995e-08,3.6302274345273e-08
"282","c|JBCHY1-1-50|Q|234",7.48753368487978e-07,6.18494394166728e-07,3.3721014662208e-08,-1.28988689477148e-07
"283","c|JBCHY1-1-50|Q|235",1.5164319208988e-06,5.38412488004247e-07,-7.31238684738549e-08,1.50424294548982e-08
"284","c|JBCHY1-1-50|Q|243",1.22583790677664e-06,3.51693246674882e-07,-1.78364617488667e-07,-4.33834646906334e-08
"285","c|JWBOY-2-80|Q|252",7.43164689581221e-07,-1.06227576921669e-07,-3.88692830934915e-08,-6.36223472683564e-08
"286","c|JWBOY-2-80|Q|253",4.15451164523152e-07,3.34609132053379e-08,2.52002412726286e-08,1.22632568710723e-07
"287","c|JWBOY-2-80|Q|259",1.65517903190167e-07,2.14573726068164e-07,8.1853332533688e-08,2.10698484836916e-08
"288","c|KVEDG1-1-80|Q|283",1.9051229408848e-06,3.74073620968095e-07,1.28122802351087e-08,-2.81963237289883e-08
"289","c|KVEDG1-1-80|Q|285",8.00048699298735e-07,1.2504693892216e-07,-5.01250561884295e-08,-1.95664191900813e-07
"290","c|KVEDG1-1-80|Q|286",6.59020023033797e-07,-1.02487576734597e-07,1.56636220533675e-07,-5.55147180483398e-08
"291","c|KVEDG1-1-80|Q|287",1.82565435295692e-06,7.44385863293928e-07,-1.07735320181812e-07,1.10510829973177e-07
"292","c|KVEDG1-1-80|Q|288",9.55764113635599e-07,6.62524350943186e-07,5.05419474111985e-08,-3.34641015830821e-08
"293","c|KVEDG1-1-80|Q|289",1.02731998749426e-06,4.34383932020761e-07,1.1685822781913e-07,-3.97483234198494e-08
"294","c|KVEDG1-1-80|Q|290",1.40836397877839e-06,1.8813593273191e-07,-3.09536413768683e-08,-8.12064799142371e-08
"295","c|KVEDG1-1-80|Q|291",5.25769393912724e-07,1.38879931761821e-07,-1.67775623403486e-07,4.07561462509104e-08
"296","c|KVEDG1-1-80|Q|292",2.03401486657788e-07,2.2418095269666e-07,NA,NA
"297","c|KVEDG1-1-80|Q|293",1.10410011620756e-06,-1.32160726281344e-07,-2.82497732790023e-08,5.49315071750548e-08
"298","c|MAVBEL2-1-20|N|317",5.34641476371278e-07,-4.46435189774231e-08,1.98435738243607e-07,-1.20887590754602e-07
"299","c|MAVBEL2-1-20|N|318",2.4538694503698e-07,2.78605119821992e-07,1.70037964902701e-08,-6.02108059780329e-08
"300","c|MAVBEL2-1-20|N|319",9.20525150009585e-07,8.36601745670635e-08,-6.83032724031929e-08,-1.97402607558535e-08
"301","c|MAVELK-1-20|N|i129",1.86515913680874e-06,7.21344301951668e-07,-2.32600191339621e-07,2.16361465922592e-08
"302","c|MHBUR1-4-20|Q|335",7.56298810796659e-07,8.37410372500328e-07,5.7860689278645e-08,3.38104803450173e-08
"303","c|MHBUR1-4-20|Q|336",7.3963521010139e-07,9.75592037362306e-09,-1.40787991105407e-07,-8.75304786441016e-09
"304","c|MHBUR1-4-20|Q|339",3.3727187428897e-07,2.20411113888078e-07,-1.64950496417417e-08,5.3209786048752e-09
"305","c|MHBUR1-4-20|Q|340",8.10152699304434e-07,4.28630876798594e-07,5.46492001047058e-08,-2.63621729599096e-08
"306","c|MHBUR1-4-20|Q|341",7.15928739009889e-07,5.68690936454275e-08,2.69723103516431e-08,8.02922172165547e-08
"307","c|MHBUR1-4-20|Q|344",1.26209360488402e-06,-4.37957102274163e-08,1.40417901396591e-08,1.68367349781224e-08
"308","c|MHBUR1-4-20|Q|349",1.19849034433474e-06,2.97914153517922e-07,4.94261115758067e-08,-4.15117183239326e-08
"309","c|MHBUR1-4-20|Q|350",1.20465954685059e-06,6.64992864036467e-07,3.82755479014492e-07,1.46170137898856e-07
"310","c|MHBUR1-4-20|Q|352",6.88885232454932e-07,1.92375154390843e-07,-7.79863106385548e-08,3.75458470162073e-08
"311","c|MHNAT1-2-0|Q|360",8.60383601174575e-07,1.49515161737997e-08,-4.68517518819177e-07,8.74941332111752e-08
"312","c|MSMID1-1-20|Q|381",1.17204707668176e-06,-2.16086742826739e-10,1.56649627132881e-07,-2.6455458084234e-07
"313","c|MSMID1-1-20|Q|382",8.34351733335958e-07,-3.24084244264226e-08,1.02874748483278e-07,-4.51437506320344e-07
"314","c|MSMID1-1-20|Q|383",1.27725301922269e-06,6.79193651902632e-07,1.90720511092717e-07,3.76835634268319e-08
"315","c|MSMID1-1-20|Q|385",1.17665367142741e-06,1.82588924770735e-07,3.21042196206208e-08,-1.37311350522251e-07
"316","c|MSMID1-1-20|Q|386",1.37702266816421e-06,9.41071178588864e-08,1.37179981657266e-08,1.39346312981141e-08
"317","c|MSMID1-1-20|Q|387",9.64741542900277e-07,2.1748389077654e-07,2.49727712938522e-08,-2.63558819547386e-07
"318","c|MSMID1-1-20|Q|389",1.3445086781005e-06,1.87865358352924e-08,-1.97652378731128e-08,1.16601372334071e-08
"319","c|MSMID1-1-20|Q|394",1.2312574789449e-06,2.36805610341674e-07,-1.51326192078023e-07,-1.63093902742494e-08
"320","c|NSLJU1-4-0|V|i141",1.56763345044906e-06,NA,NA,6.26675166226266e-10
"321","c|PDVRT1-20|Q|409",5.30334762217918e-07,-8.27014337493104e-08,1.14972858320785e-07,2.16142414991524e-08
"322","c|PDVRT1-20|Q|410",9.06682177942992e-07,6.40368641916466e-08,1.64600512461735e-07,-8.17845425086312e-08
"323","c|PDVRT1-20|Q|413",2.40451466398559e-07,2.066438167981e-07,-5.93087374862213e-08,-1.88164282193376e-08
"324","c|PDVRT1-20|Q|414",6.97748444273463e-07,1.2441694048784e-07,8.34677317188586e-08,-3.58635518147171e-08
"325","c|SEBRN-1-20|N|i148",1.97972182936252e-06,-1.60998386204917e-08,1.87248978805221e-08,-5.24823104171704e-08
"326","c|SMAKC1-B|N|441",6.36152637271091e-07,2.36340389614526e-07,-4.46836109006753e-08,4.49267651453232e-08
"327","c|SMITH1-1-0|Q|i157",1.07041608053755e-06,7.54745589789107e-07,-2.70384262548072e-07,6.94975094909491e-08
"328","c|SMITH1-20|Q|466",3.87721828786137e-07,5.33837064746014e-08,2.28009264112624e-08,6.3474379831426e-08
"329","c|SMITH1-20|Q|467",1.68120846543242e-06,5.83098173906072e-07,-8.22689480395812e-08,-8.07979155959342e-08
"330","c|SMITH1-20|Q|468",1.45421673507323e-06,1.26484103835726e-06,2.13953615273968e-08,1.0491770415919e-07
"331","c|SMITH1-20|Q|470",6.60044957057708e-07,-2.6095946207556e-07,7.02383216075366e-09,1.01253211759617e-07
"332","c|VRCAN-1-40|Q|491",9.82127522463737e-07,2.66090270134585e-07,1.07915091084569e-07,5.01850541922086e-08
"333","c|VRCAN-1-40|Q|493",1.18150585749272e-06,1.69678340674879e-08,5.52662055393393e-08,-2.75257529460038e-07
"334","c|VRCAN-1-40|Q|494",-7.298963910556e-07,NA,NA,NA
"335","c|VRCAN-1-40|Q|495",1.30494900474431e-06,2.48874745165098e-07,-1.70542506700155e-07,3.26376566040998e-08
"336","c|VRCAN-1-40|Q|496",6.12839052908665e-07,6.68717113838434e-08,-4.73519274365856e-08,-3.28877459363418e-09
"337","c|VRCAN-1-40|Q|497",3.14115948732609e-07,1.98358638986294e-07,2.09819550618542e-07,7.13242943475195e-08
"338","c|VRCAN-1-40|Q|498",8.88684367881692e-07,3.48881113361274e-08,1.49394623869353e-07,-6.79292497275268e-08
"339","c|VRPET2-3-20|Q|517",9.10219704890838e-07,2.37842311896369e-07,-1.70197271769991e-08,-8.24329850962705e-09
"340","c|VRPET2-3-20|Q|519",1.64074241947962e-06,5.56501277157496e-07,-7.08537428948489e-08,-8.5591910124398e-11
"341","c|VRPET2-3-20|Q|520",1.30393016622261e-06,1.25214294729953e-07,1.78323658009626e-07,-2.1502748914277e-07
"342","c|VRPET2-3-20|Q|521",6.07547511293602e-07,3.02238300285465e-07,-3.48624741600947e-07,-9.44501514612199e-09
"343","c|VRPET2-3-20|Q|522",1.74593741344964e-06,2.41319300787873e-07,-1.06320279213345e-08,-1.16919827390626e-07
"344","c|VRPET2-3-20|Q|523",1.58107062087653e-06,2.42990726972933e-07,-2.5783788103036e-07,3.94830650840976e-08
"345","c|VSGARO1-1-0|Q|535",6.82903097239722e-07,-1.46686244099704e-08,-1.02257984221257e-07,3.62884799930034e-08
"346","c|VSGARO1-1-0|Q|536",1.24558936782163e-06,1.21933430969133e-07,3.37120424209917e-08,-4.22706913152714e-08
"347","c|WSSWM3-1-0|Q|562",7.58146869833641e-07,4.49835473377496e-07,7.58829356110394e-07,-3.36934309288384e-07
"348","c|WSSWM3-1-0|Q|563",2.14087416918844e-07,2.03643579328742e-07,-3.22645770648726e-08,-2.03227526119603e-08
"349","c|WSSWM3-1-0|Q|564",1.258618258087e-06,2.84372931204909e-07,-1.66393488378444e-07,-7.28251721931143e-08
"350","c|WSSWM3-1-0|Q|566",9.19519257487952e-07,-6.76115683754206e-08,-4.58057702147653e-08,1.80765975187351e-09
"351","c|WSSWM3-1-0|Q|567",1.24232078949943e-06,1.08819897323321e-07,8.09318517664661e-08,-2.13028374352325e-08
"352","c|WSSWM3-1-0|Q|568",6.85343386990813e-07,3.44208368770705e-07,-6.58154191061687e-08,-2.73869102644732e-09
"353","d|BWPEM1-9-0|Q|17",1.73811526250593e-06,2.5163144083219e-07,-3.02815247209098e-08,-1.40442252360088e-07
"354","d|BWPEM1-9-0|Q|18",8.66772926762659e-07,-1.01516885932115e-07,-8.76765771999293e-08,2.81874488954167e-08
"355","d|BWPEM1-9-0|Q|19",1.04989821910093e-06,4.37806825883913e-08,-2.08778794191407e-07,9.56526809063754e-08
"356","d|BWPEM1-9-0|Q|20",8.36247074897593e-07,-1.1563304231565e-07,-1.67564624127651e-07,-1.71282697152996e-07
"357","d|BWPEM1-9-0|Q|21",1.51120910247199e-06,8.90942973033128e-08,1.59568613442902e-07,-3.0288833935118e-07
"358","d|BWPEM1-9-0|Q|22",2.44467827816396e-07,4.49386836211497e-08,7.45269833713929e-08,6.42226659355091e-08
"359","d|BWPEM1-9-0|Q|23",1.11736245053367e-06,-5.10799155265344e-09,-4.5433450558916e-07,1.00440542738535e-07
"360","d|BWPEM1-9-0|Q|24",7.32116194780935e-07,1.64505288243025e-07,-5.43264559764202e-07,3.09171581074393e-07
"361","d|BWPEM1-9-0|Q|25",9.40869295489379e-07,-3.41586157198518e-07,3.37950202847268e-07,-2.08242646633841e-07
"362","d|BWPEM1-9-0|Q|26",1.41385333090664e-06,-5.60714715269553e-08,7.63556061285639e-08,-1.25668974285481e-07
"363","d|CBMCK1-1-0|N|46",NA,NA,NA,NA
"364","d|CBMCK1-2-80|N|i109",1.78177280652036e-06,4.41594622886144e-07,-1.35474042143053e-07,2.75850038367605e-08
"365","d|CBMCK1-3-60|N|i114",1.77554857639786e-06,3.08098989330765e-07,5.18978995757076e-08,2.38891453114884e-09
"366","d|CBMCK1-3-60|N|i115",1.43502219556336e-06,9.43999559726115e-08,-1.07781460697962e-07,4.77279669665961e-09
"367","d|CBMCK1-3-60|N|i116",1.54548506652619e-06,1.25558946710872e-07,4.92834939473577e-08,-2.64423536537955e-08
"368","d|CBMCK1-3-60|N|i117",1.38646319480982e-06,-2.08095338909023e-07,1.64695261182613e-07,-7.20377039738413e-08
"369","d|CRSOSO-3-40|Q|61",2.75982773384861e-07,6.49265961524306e-08,-1.86318313237206e-08,2.26126577563942e-08
"370","d|CRSOSO-3-40|Q|62",1.59440288723746e-06,5.99920803838368e-08,-3.19087759751215e-07,1.18963977679081e-07
"371","d|CRSOSO-3-40|Q|63",8.05401439672523e-07,-1.03847660742869e-08,-5.19202747289495e-08,3.01427793705749e-08
"372","d|CRSOSO-3-40|Q|64",7.10475025543997e-07,1.36573765407675e-07,1.35559216229106e-07,-7.95662549812378e-09
"373","d|CRSOSO-3-40|Q|65",1.25885602607268e-06,2.94078589990621e-07,-3.32733186107727e-08,-1.10655721260101e-08
"374","d|CRSOSO-3-40|Q|66",1.2896015845476e-06,6.65632792202774e-07,-1.06265473684568e-07,NA
"375","d|CRSOSO-3-40|Q|67",6.17178537005357e-07,1.70570369901874e-07,-1.00104819981177e-07,-1.2105674183266e-08
"376","d|CRSOSO-3-40|Q|68",1.26012854138654e-06,2.43082769545097e-07,-6.54226832105174e-08,-1.10318408308784e-07
"377","d|CWRIC2-X2|Q|96",9.45759244769153e-07,9.93504964985867e-09,-5.3475693370224e-08,-3.2988965770719e-08
"378","d|CWRIC2-X2|Q|97",NA,NA,-4.39226526549989e-07,7.99126816634145e-08
"379","d|CWRIC2-X2|Q|98",7.14283910489958e-07,2.0503108933447e-07,-5.77326994112323e-08,-5.93943191064044e-10
"380","d|DSGAR1-3-60|V|i120",1.79606254132846e-06,9.90610439974838e-08,-1.26282587337932e-07,-1.2686840063371e-07
"381","d|DVGM-20|Q|120",9.07361888688925e-07,NA,NA,NA
"382","d|DVGM-20|Q|121",8.4936521410199e-07,1.63687804483463e-07,2.39285984939957e-08,6.81918715317027e-10
"383","d|DVGM-20|Q|122",6.83390591864748e-07,6.61747963035719e-08,-3.77258438048261e-08,9.0740552232114e-08
"384","d|DVGM-20|Q|125",5.40124780837821e-07,2.12893308213812e-07,-7.18802465956654e-08,2.85542281498854e-08
"385","d|DVGM-20|Q|126",8.16515919845344e-07,2.02323687892626e-07,-2.05328300384663e-07,6.06446979317359e-08
"386","d|EFCC2-4-80|Q|153",8.67632237350459e-07,1.78131509988105e-07,-2.11685373233267e-07,1.86318505227639e-08
"387","d|EFCC2-4-80|Q|154",9.5107187840666e-07,9.83413616146401e-08,1.17461689513026e-07,-2.70268834620189e-08
"388","d|EFCC2-4-80|Q|155",4.7518659068253e-07,2.25209235391299e-08,-8.4502242598244e-08,1.17975406811014e-07
"389","d|EFCC2-4-80|Q|156",6.66261137769209e-07,2.57118907480276e-07,-1.53925795224169e-07,-4.82962651811229e-07
"390","d|JARI1-1-80|Q|178",1.15255155812404e-06,3.3275741500737e-07,1.54788488739956e-07,-7.53819376224675e-08
"391","d|JARI1-1-80|Q|179",1.02242653967334e-06,-1.99471904559107e-07,-1.08150673701851e-07,1.33945464216594e-07
"392","d|JARI1-1-80|Q|180",NA,NA,-1.26697745740702e-06,8.40793211208085e-07
"393","d|JARI1-1-80|Q|181",6.58418245633753e-07,-1.12943479823157e-07,7.28621812454521e-08,2.61445247585035e-09
"394","d|JARI1-1-80|Q|182",5.86444388765633e-07,3.50027705086382e-07,-1.41598070842824e-07,9.69136481387761e-08
"395","d|JARI1-1-80|Q|183",7.80943088787434e-07,1.26296117861677e-08,-9.25217972188849e-08,3.45262443332308e-08
"396","d|JARI1-1-80|Q|184",1.45024763239743e-06,-1.26522082995804e-07,1.96746905305439e-09,1.18018730242281e-07
"397","d|JBBLB2-1-20|Q|197",5.44656973764904e-07,1.70510757237936e-07,NA,NA
"398","d|JBBLB2-1-20|Q|201",8.40023468726449e-07,1.63214685175645e-07,-1.21607415039045e-07,5.53149511497198e-08
"399","d|JBBLB2-1-20|Q|211",8.25737843568963e-07,5.65011749342498e-08,-1.03835599247308e-08,-1.87803369682482e-08
"400","d|JBBLB2-1-20|Q|212",5.61701516789529e-07,9.29278921997066e-09,6.82920362116623e-09,-8.04102609823738e-08
"401","d|JBBLB2-1-20|Q|213",1.26209890281451e-06,1.05422428427276e-07,4.30299223431448e-08,-1.94292884760684e-08
"402","d|JBBLB2-1-20|Q|214",1.23284137434349e-06,1.45804259564038e-07,-7.06183469087402e-08,-1.20740713114389e-07
"403","d|JBBLB2-1-20|Q|215",2.18623031491949e-07,2.42605430833518e-07,2.47600486883816e-08,-1.59848875046181e-08
"404","d|JBCHY1-1-50|Q|237",1.99751049828608e-07,2.39714321921605e-07,-2.72605964951479e-08,9.12923971797061e-08
"405","d|JBCHY1-1-50|Q|238",1.09517006717441e-06,-2.23287112500536e-07,7.30470549331745e-08,-1.66979082819557e-07
"406","d|JBCHY1-1-50|Q|239",1.28830096634333e-06,5.30112740079704e-08,2.99539141459647e-08,-2.14644531051892e-08
"407","d|JBCHY1-1-50|Q|273",8.74005750334437e-07,1.00547397516548e-07,-1.05071536294822e-08,-3.32216014676141e-08
"408","d|JWBOY-2-80|Q|254",6.55367797255309e-07,-6.18446396825369e-08,-4.46617749302716e-07,2.66395068474802e-07
"409","d|JWBOY-2-80|Q|255",1.15257558444325e-06,-1.03309583032548e-07,-8.47580452237845e-08,3.57666527344857e-08
"410","d|JWBOY-2-80|Q|256",6.95625228631117e-07,5.13056947249601e-07,-5.23855231547019e-07,2.09702720794757e-07
"411","d|JWBOY-2-80|Q|258",5.59038925213914e-07,4.42563004260736e-08,-7.64474905429288e-08,-1.10591589020688e-07
"412","d|JWBOY-2-80|Q|260",7.82171917374175e-07,4.17826919674309e-07,2.21408948007392e-07,-9.24763656507331e-08
"413","d|JWBOY-2-80|Q|261",9.13135343501005e-07,2.73871512314743e-07,8.98028777392005e-08,3.20969885059586e-08
"414","d|JWBOY-2-80|Q|262",6.37599827776656e-07,2.14632221390766e-07,-1.37176628157183e-07,2.79378577288517e-09
"415","d|KVEDG1-1-80|Q|294",1.93757346914816e-07,8.83897226035001e-08,1.32884742366389e-07,3.92191537537423e-08
"416","d|KVEDG1-1-80|Q|295",9.96953670610387e-07,2.96411382762151e-07,-1.42124238092617e-07,4.50862746238547e-09
"417","d|KVEDG1-1-80|Q|296",1.28480211187437e-06,3.31442226277771e-07,1.68245736129198e-08,-1.02404835796632e-07
"418","d|KVEDG1-1-80|Q|298",7.90722318806287e-07,1.3230970456267e-07,-1.13009463594406e-08,-5.72722558442358e-09
"419","d|LGESC1-3-60|V|i124",1.59645514433051e-06,-1.30028856305302e-07,-7.19277374189274e-08,9.88001140060706e-08
"420","d|MAVBEL2-1-20|N|320",6.89193809578851e-07,1.79419735791368e-07,-2.89762916329207e-08,-3.2596447660806e-09
"421","d|MAVBEL2-1-20|N|321",1.7363010779695e-06,1.83596330693331e-07,-1.41606881792511e-07,-5.72507995494186e-09
"422","d|MAVBEL2-1-20|N|322",1.79724627690251e-06,7.18943165231058e-07,-7.82551371232099e-08,1.9438603860284e-08
"423","d|MAVBEL2-1-20|N|323",NA,NA,NA,-5.26832070231884e-08
"424","d|MAVBEL2-1-20|N|324",8.48888278405076e-07,1.57518854558095e-07,3.99193449852211e-08,-1.12054892113078e-08
"425","d|MAVBEL2-1-20|N|325",1.1579626331967e-06,5.69477947566631e-08,4.68201319952624e-08,-6.72520813290425e-08
"426","d|MAVELK-1-20|N|i131",NA,NA,NA,-1.12183460841795e-07
"427","d|MBSGF1-X1|N|i135",8.40902279615227e-07,1.65232161640282e-07,-6.29846835450362e-08,8.33408197425391e-08
"428","d|MBSGF1-X1|N|i136",NA,NA,NA,-2.50738154089586e-07
"429","d|MHBUR1-4-20|Q|351",7.82966056902452e-07,1.08896048514938e-07,-1.16625085934622e-07,3.90735902430632e-09
"430","d|MHBUR1-4-20|Q|355",6.34147446632585e-07,3.55502115190355e-07,2.20820590831825e-08,1.95333281580154e-07
"431","d|MHNAT1-2-0|Q|362",7.50581236091198e-07,4.63528618322133e-07,-1.89561423500934e-07,9.88659049218682e-08
"432","d|MSMID1-1-20|Q|388",1.30913289551061e-06,9.18290930921035e-07,6.25015999465063e-08,-6.3614913959081e-08
"433","d|MSMID1-1-20|Q|390",NA,2.93865338342619e-07,2.44758326671066e-10,2.170107606343e-08
"434","d|MSMID1-1-20|Q|391",1.41277478999888e-06,4.03870166910904e-07,1.57819376931834e-07,-3.40619581499953e-08
"435","d|MSMID1-1-20|Q|392",7.32176597912958e-07,2.54520416187858e-07,1.30928421987689e-07,-9.09378513067789e-08
"436","d|MSMID1-1-20|Q|395",8.19891260793975e-07,8.08814339593021e-07,3.49047836786901e-07,-2.02619367265991e-08
"437","d|MSMID1-1-20|Q|396",7.7598245793733e-07,7.58701537683753e-08,-1.11968711154746e-07,-1.98985525526494e-08
"438","d|NSLJU1-4-0|V|i142",1.70541959014697e-06,1.15225458539386e-07,7.33153464086805e-09,1.67271453239269e-08
"439","d|NSRIB1-2-40|V|i144",1.39045553714245e-06,5.84044461710639e-07,3.67371649874867e-08,4.80443272290366e-08
"440","d|RULEB1-20|N|426",5.24781678416024e-07,9.17797535124496e-08,-4.04747207184765e-08,-1.12662519691081e-08
"441","d|SEBRN-1-20|N|i150",1.59984697982957e-06,3.49003819478329e-07,7.11321180674405e-08,-5.6328739587266e-08
"442","d|SMAKC1-B|N|435",6.80649956492483e-07,2.15032546495451e-08,1.25012364372148e-07,-9.7143419354954e-09
"443","d|SMAKC1-B|N|442",2.66791801810399e-07,9.6519417368137e-08,-1.90685007239408e-07,1.23332093497761e-07
"444","d|SMAKC1-B|N|443",4.66085777977639e-07,-1.92738017688907e-07,3.11310700079743e-07,-1.1091707567357e-07
"445","d|SMAKC1-B|N|445",8.99553014703079e-07,1.24015062891024e-07,3.75957761769307e-08,6.9821829950909e-08
"446","d|SMITH1-20|Q|471",4.16314977354049e-07,2.45993141917046e-07,-1.90332837333098e-07,1.18872740019081e-07
"447","d|SMITH1-20|Q|472",4.52201522671897e-07,2.5349983177255e-07,4.83493023970467e-08,-6.43437442818165e-08
"448","d|SMITH1-20|Q|473",2.33748086647401e-06,1.2056508096265e-06,5.84423412088096e-07,1.72972349259729e-08
"449","d|SMITH1-20|Q|474",2.5942292057093e-06,8.34028715173767e-07,1.54719743659291e-07,2.17411482416043e-08
"450","d|VRCAN-1-40|Q|499",1.08885242140463e-06,1.03022290213009e-07,5.99531457167171e-08,4.92306224452243e-10
"451","d|VRCAN-1-40|Q|500",1.0275134845471e-06,1.78765548479181e-07,3.14249394547578e-08,2.77232329980493e-08
"452","d|VRCAN-1-40|Q|501",1.3333305874291e-06,5.89760727183206e-07,NA,NA
"453","d|VRCAN-1-40|Q|502",8.34324870234192e-07,-6.37149698534737e-08,4.94942225765585e-08,1.0163028379683e-07
"454","d|VRPET2-3-20|Q|506",8.33673430825359e-07,6.41230015303071e-07,8.02930560990025e-08,-1.57486848741327e-07
"455","d|VRPET2-3-20|Q|514",1.79217362207602e-06,4.92041667584888e-07,1.80992353517574e-07,1.71366621741519e-07
"456","d|VRPET2-3-20|Q|518",NA,NA,-9.73919945505314e-08,1.92297385353787e-08
"457","d|VRPET2-3-20|Q|525",9.57633839347426e-07,1.68852089564544e-07,-1.7715458205521e-09,2.69015524121753e-08
"458","d|VRPET2-3-20|Q|526",6.31182331441755e-07,-1.83821780065287e-07,-1.142950084615e-07,8.98509119738669e-08
"459","d|VRPET2-3-20|Q|527",4.42458706258145e-07,3.28647917816502e-08,1.36900468683328e-07,4.74892090986619e-09
"460","d|VRPET2-3-20|Q|528",6.13699288157729e-07,2.98922267638091e-08,-1.95770241367571e-07,4.24682124502877e-08
"461","d|VRPET2-3-20|Q|529",3.57733671166786e-07,1.27357681049901e-08,-4.38944360911413e-08,1.02026324538624e-07
"462","d|VRPET2-3-20|Q|530",1.16039279578121e-06,1.8802333106965e-07,-3.09753219816427e-07,1.21904681502441e-07
"463","d|VSGARO1-1-0|Q|538",6.77149098200587e-07,-4.08236101093641e-08,-5.58300314367519e-08,3.52926538728549e-08
"464","d|VSGARO1-1-0|Q|539",9.80460077046908e-07,-9.88998436576997e-08,2.42844964898029e-07,-1.76810012978043e-07
"465","d|VSGARO1-1-0|Q|540",2.10564573452895e-06,1.10534137046025e-06,2.32213231199103e-07,2.91637588363355e-08
"466","d|VSGARO1-1-0|Q|541",9.86186682693266e-07,-2.88930632617337e-09,-1.78863121317848e-08,-3.68324807168389e-08
"467","d|VSGARO1-1-0|Q|542",4.85880494246146e-07,3.3670666409473e-07,-2.49572708644085e-08,5.41248583510119e-08
"468","d|VSGARO1-1-0|Q|543",1.4387312346383e-06,4.96688865576081e-07,8.42907055229672e-08,-1.16839151583203e-07
"469","d|WSSWM3-1-0|Q|570",1.21347318986821e-07,6.54444927124163e-08,2.05280202985412e-08,4.73318664831233e-09
"470","e|BWPEM1-9-0|Q|28",NA,1.20820741517711e-07,-3.12920556246192e-08,7.47390412390505e-08
"471","e|BWPEM1-9-0|Q|29",1.34648766107325e-06,6.59200180751101e-07,-6.39823162030994e-08,-3.52658936778936e-08
"472","e|BWPEM1-9-0|Q|30",1.8861840660448e-06,1.34329063608595e-07,-2.96974838507841e-07,1.21219554207202e-07
"473","e|BWPEM1-9-0|Q|31",1.45514895606115e-06,4.52736956467234e-07,3.4243791666552e-08,3.15803036874444e-08
"474","e|BWPEM1-9-0|Q|32",1.51590921308102e-06,5.59693168422595e-07,2.94756813724937e-08,-1.09985014980923e-08
"475","e|BWPEM1-9-0|Q|33",7.55281428945844e-07,-2.63917669518415e-08,2.32624928545451e-08,-9.0292236483027e-08
"476","e|CBMCK1-2-80|N|i112",1.73193347972754e-06,2.8236163728496e-07,4.75838504822573e-09,7.99585465292937e-08
"477","e|CRSOSO-3-40|Q|50",6.37615450940707e-07,1.79095125169295e-07,9.45583823955443e-08,-3.99946158123103e-08
"478","e|CRSOSO-3-40|Q|51",8.88821736386295e-07,4.21884606219374e-07,7.37215198060006e-08,1.14478929440017e-08
"479","e|CRSOSO-3-40|Q|53",3.43578880744149e-07,-1.52184751361445e-08,1.06022503355973e-07,1.01124941804251e-07
"480","e|CRSOSO-3-40|Q|54",9.62625517446207e-07,4.13698979987677e-07,-3.21877400774834e-08,5.89630847060072e-08
"481","e|CWRIC2-X2|Q|101",5.71274041530138e-07,2.05885657773424e-07,-1.08871735671443e-07,-2.76233909711172e-07
"482","e|DVGM-20|Q|127",3.34534578254744e-07,2.29050763578121e-07,-8.72926393180092e-08,2.47975369715114e-08
"483","e|DVGM-20|Q|128",5.43943671439598e-07,1.6301556207449e-07,3.95660358344717e-08,-4.87347061276876e-07
"484","e|DVGM-20|Q|129",6.02991859212081e-07,3.07126521697455e-07,-1.20208922495746e-06,4.3097411083564e-07
"485","e|DVGM-20|Q|130",1.09110535898497e-06,9.50217387547487e-08,1.23055727781637e-07,2.3658758751878e-08
"486","e|DVGM-20|Q|131",1.25488285511871e-06,3.4107178111074e-07,-2.17127238333406e-07,-2.06304749220799e-07
"487","e|DVGM-20|Q|132",1.22535408587214e-06,-3.69386814518768e-08,7.89791362869291e-08,-1.35007591798354e-07
"488","e|EFCC2-4-80|Q|157",8.32743742345723e-07,5.55392231468091e-07,-9.08355182080279e-08,1.22364122976084e-07
"489","e|JARI1-1-80|Q|170",1.41978432838456e-06,5.86204110920265e-07,-1.34215750459431e-08,-1.1885558203675e-07
"490","e|JARI1-1-80|Q|185",1.3168655754842e-06,2.07147321501393e-07,-2.9779020113291e-08,-2.55272702605294e-08
"491","e|JARI1-1-80|Q|186",1.22380694520928e-06,8.04563574975647e-08,5.66727068077576e-08,4.49302837365792e-08
"492","e|JARI1-1-80|Q|187",1.38263069163274e-06,4.49390732047862e-07,1.63847707771696e-08,2.51512656471972e-08
"493","e|JARI1-1-80|Q|188",8.40560314041634e-07,3.1915049167285e-07,1.34386866655484e-07,3.57892986704694e-08
"494","e|JARI1-1-80|Q|189",1.04196770921189e-06,-3.0976981218138e-08,-9.39042872651341e-08,5.23829155029082e-08
"495","e|JARI1-1-80|Q|190",1.132183396193e-06,6.82174849323228e-07,3.57772810623847e-08,3.60657624419194e-10
"496","e|JARI1-1-80|Q|191",1.35545717179951e-06,3.18838519359741e-07,-1.95267442001572e-07,-7.1325836359061e-08
"497","e|JBBLB2-1-20|Q|216",3.0519181389294e-07,2.7143407426802e-07,4.05290480530131e-08,4.88042528785797e-08
"498","e|JBBLB2-1-20|Q|217",8.43423082005373e-07,4.5107652413008e-08,1.21587001490718e-08,-1.31413136541441e-07
"499","e|JBBLB2-1-20|Q|218",1.00950739654086e-06,2.42596833204324e-07,-6.80217777066948e-08,-5.76145455968195e-08
"500","e|JBBLB2-1-20|Q|219",9.6686568601832e-07,6.59836399513098e-07,7.14851668448452e-07,2.7569098893432e-09
"501","e|JBBLB2-1-20|Q|220",1.68012686060225e-06,1.27226819451885e-06,6.47861216341681e-08,-1.27617851478522e-07
"502","e|JBBLB2-1-20|Q|221",1.19043830223545e-06,2.75696219631466e-07,-7.51578343986169e-08,6.78084910688876e-10
"503","e|JBBLB2-1-20|Q|222",6.95898554684113e-07,1.53853597002975e-07,9.12486354368525e-08,1.56111286000334e-08
"504","e|JBCHY1-1-50|Q|?",1.76818840749089e-06,-1.23974109975698e-07,-9.61904445166764e-08,-2.02990374285901e-07
"505","e|JBCHY1-1-50|Q|241",8.2760968870284e-07,3.44621956280732e-08,1.38934116321767e-08,-1.22084407668423e-07
"506","e|JBCHY1-1-50|Q|244",5.3407443078777e-07,1.59245137493202e-07,-1.16117981201378e-07,-8.22388438431834e-08
"507","e|JKFRS1-6-0|V|i122",1.59637239210328e-06,7.31677662070968e-08,-4.80886675753553e-08,-1.3504752636232e-07
"508","e|JWBOY-2-80|Q|263",3.51055565547154e-07,-2.37428448644512e-09,-2.60722120342426e-09,9.65398219201648e-08
"509","e|JWBOY-2-80|Q|264",8.00991164454423e-07,1.6267940653179e-07,5.57556280089715e-08,1.01284416247439e-07
"510","e|JWBOY-2-80|Q|265",4.43314478710378e-07,1.45709811719661e-07,9.44191441246176e-10,2.22023058040165e-08
"511","e|JWBOY-2-80|Q|266",1.47244050402596e-06,7.37701039512142e-08,-1.40717491130932e-07,-3.68975727407478e-08
"512","e|JWBOY-2-80|Q|267",8.22030283853321e-07,2.5286239607356e-07,-1.39017191708423e-07,-3.16984699835876e-08
"513","e|JWBOY-2-80|Q|268",9.20153230515467e-07,2.95157649229156e-07,-6.47487665764837e-08,NA
"514","e|JWBOY-2-80|Q|269",6.01800897926259e-07,-8.53097014856013e-09,1.0667283185988e-07,-6.46297829575449e-08
"515","e|JWBOY-2-80|Q|270",7.46863125019035e-07,-1.42048220551876e-07,1.09747668980932e-07,3.45031321418561e-08
"516","e|JWBOY-2-80|Q|271",2.34476638150664e-06,9.70042954957982e-08,1.6946822527322e-08,-4.89263935213641e-08
"517","e|KVEDG1-1-80|Q|299",1.14497852532872e-06,-1.13588063926059e-07,-3.11487952606958e-08,-1.74145572330821e-07
"518","e|KVEDG1-1-80|Q|300",1.57537455006798e-06,6.07109993852376e-07,-1.92210957643901e-07,-4.43642550673968e-08
"519","e|KVEDG1-1-80|Q|301",1.2979183296015e-06,-1.22121536383714e-07,9.3455723955776e-08,-2.00517479895667e-07
"520","e|KVEDG1-1-80|Q|302",1.2606446681284e-06,2.53298473042115e-07,-2.0042617006327e-07,3.87551961198049e-08
"521","e|KVEDG1-1-80|Q|303",1.86558154454773e-06,-1.73245778109063e-08,1.98750364946073e-07,-2.58162158407415e-07
"522","e|MAVBEL2-1-20|N|329",1.13790927637437e-06,1.68973706932507e-07,1.3036892709154e-08,3.20798889700021e-08
"523","e|MAVBEL2-1-20|N|330",1.29758986223499e-06,2.93018365063144e-07,-6.88214731578735e-08,-1.90872070678708e-08
"524","e|MAVBEL2-1-20|N|333",9.42852329020854e-07,4.70278762826274e-08,1.26104435377588e-07,-5.42695116058471e-08
"525","e|MAVELK-1-20|N|i128",1.36074971169726e-06,5.95436353852769e-08,-6.77007107269486e-08,1.87568132507801e-08
"526","e|MAVELK-1-20|N|i130",1.86463633233101e-06,-2.05113135406357e-08,7.9778319318136e-08,-1.04822879847838e-07
"527","e|MAVELK-1-20|N|i132",1.47053510730122e-06,-2.36174474462688e-08,-9.09612238986702e-09,-2.45075687957473e-08
"528","e|MHBUR1-4-20|Q|348",2.40350742013581e-06,8.95156535935924e-07,8.50138076203836e-08,2.82012120149171e-08
"529","e|MHNAT1-2-0|Q|363",6.12836375223684e-07,-2.49558830135985e-07,-4.28621668858696e-08,1.16541100665796e-08
"530","e|MHNAT1-2-0|Q|365",8.49569381504979e-07,1.52159185599489e-08,1.74439625668024e-07,8.10914016043542e-08
"531","e|MSMID1-1-20|Q|601",1.3484997639575e-06,4.33486480692164e-07,1.60661432023132e-08,-2.13003506196994e-08
"532","e|MSMID1-1-20|Q|602",9.58253715359022e-07,3.2489459381047e-07,-4.18903687005961e-07,2.40745994018573e-07
"533","e|PDVRT1-20|Q|415",8.23601513521682e-07,-6.17004720925619e-08,1.12998748211843e-07,-2.01009814612641e-07
"534","e|PDVRT1-20|Q|418",7.30235916241563e-07,1.56473407239428e-07,-5.6813515330252e-08,4.44791913822509e-08
"535","e|PDVRT1-20|Q|420",6.71168131116975e-07,5.41340837775919e-07,-1.29474954086838e-07,-1.16368291374574e-07
"536","e|RULEB1-20|N|427",6.46918585906019e-07,3.91274382238282e-07,-3.4609732978025e-08,1.14576064057346e-08
"537","e|RULEB1-20|N|428",8.98025640480765e-07,1.72985624138909e-07,6.8587490086775e-08,-7.44951856780871e-08
"538","e|RULEB1-20|N|429",9.05281288726486e-07,1.92236942372679e-07,NA,NA
"539","e|RULEB1-20|N|430",4.52986916498605e-07,2.22927205933553e-08,-4.80014527048466e-08,-6.90476411638356e-08
"540","e|SEBRN-1-20|N|i152",1.45724340103456e-06,2.08977181223859e-07,5.45991233074337e-08,-9.78554383985753e-08
"541","e|SMAKC1-B|N|446",4.62194497033917e-07,2.17427192789404e-07,-1.05752683344924e-08,-3.06986070310889e-08
"542","e|SMAKC1-B|N|447",5.41207992613869e-07,2.57040342485039e-07,-1.34806948504407e-08,-4.14646995545846e-08
"543","e|SMITH1-1-0|Q|i158",1.86669379768223e-06,4.44723635190352e-07,-5.46051796384703e-08,-1.00456119170518e-07
"544","e|SMITH1-1-0|Q|i159",1.79782047999703e-06,2.8659195317537e-07,3.71429607087948e-08,7.3116798711005e-08
"545","e|SMITH1-1-0|Q|i160",9.17270108370741e-07,5.85117139165199e-07,4.09300328480059e-08,2.01856364844296e-08
"546","e|SMITH1-20|Q|475",6.87740696497408e-07,-2.16209553518493e-08,5.38903685470166e-08,-7.35583518203966e-08
"547","e|SMITH1-20|Q|478",9.9817818683919e-07,1.82103052576837e-07,-1.43173769139182e-08,-3.37010077633233e-08
"548","e|VRCAN-1-40|Q|503",3.91130141810721e-07,-3.69614359203164e-08,1.29175704273369e-07,4.14859303480934e-08
"549","e|VRCAN-1-40|Q|504",2.99632347450329e-07,1.05851611788704e-06,-8.84143705162463e-08,4.08807162985986e-08
"550","e|VSGARO1-1-0|Q|544",1.22453416854236e-06,3.79006524438578e-08,9.22205725322604e-08,-3.76205505255659e-08
"551","e|VSGARO1-1-0|Q|545",4.07093409250204e-07,1.72249881215202e-07,5.23982475019695e-08,-3.27805327490431e-09
"552","e|VSGARO1-1-0|Q|546",8.81779209038205e-07,5.0132740105515e-07,1.54193772083286e-07,-4.34045596047183e-07
"553","e|VSGARO1-1-0|Q|547",1.40437385176661e-06,1.28694155834529e-06,3.37676831053407e-08,-5.61748374077061e-08
"554","e|VSGARO1-1-0|Q|548",3.93169758524652e-07,-3.95101604894283e-09,-5.75308381447787e-09,1.93879940774814e-08
"555","e|WSSWM3-1-0|Q|571",5.69908456994476e-07,5.34944000643267e-08,6.69792030795723e-08,-2.05849531267243e-08
"556","e|WSSWM3-1-0|Q|572",9.54135666355377e-07,-4.66816393237171e-08,-1.14407034920215e-07,5.55838377600064e-08
"557","e|WSSWM3-1-0|Q|573",1.1948515440231e-06,1.92236885438552e-07,-1.03235625643972e-07,2.90819071127864e-08
"558","e|WSSWM3-1-0|Q|574",1.19954007656579e-06,-1.35113394914245e-07,-9.25497315442482e-09,-4.99041810051967e-08
"559","e|WSSWM3-1-0|Q|575",9.11386241344314e-07,1.39951089009302e-07,-2.34223130842812e-08,3.18170701990617e-08
"560","e|WSSWM3-1-0|Q|576",8.73534368480751e-07,4.45838092726262e-07,-7.48203334502847e-08,-5.11868785286393e-08
"561","e|WSSWM3-3-80|V|i163",1.49582405388449e-06,1.95309760145079e-07,-4.96117928868053e-08,-6.55300918648224e-09
"562","f|JBCHY1-1-50|Q|245",2.0795465983829e-06,6.98784536571118e-07,3.6103169808451e-07,-2.57301672563332e-07
"563","f|JBCHY1-1-50|Q|246",3.98433746624328e-07,1.33399126028394e-07,-8.07251480228757e-08,-1.06690256165511e-07
"564","f|JBCHY1-1-50|Q|247",7.65150479766928e-07,1.05629133188116e-07,-4.69731890353323e-09,-1.81943959383797e-07
"565","f|JBCHY1-1-50|Q|248",1.1268086510803e-06,3.10905381631333e-07,-3.51702172864402e-07,8.7164157749248e-08
"566","f|JBCHY1-1-50|Q|249",7.4142071545268e-07,8.42347157557782e-08,2.3725956618774e-08,-1.57553170256083e-07
